name,code,close,rate,premium,tag,mtexp,fundfirm,listdate,index,avgamount,m1,y0,y1,y3,y5,scale
半导体ETF,512480,1.081,10475,10009,行业，半导体，芯片,0.60%,国联安基金,2019-06-12,半导体指数,184867.11,12298,13119,11905,13321,10000,145.3
科创50ETF,588000,1.179,10315,9983,宽基，中小盘，科创板,0.60%,华夏基金,2020-11-16,科创50指数,285227.17,11337,11755,11720,10000,10000,508.27
医疗ETF,512170,0.512,10000,10020,行业，医药,0.60%,华宝基金,2019-06-17,中证医疗指数,71961.24,10261,10079,9588,10000,10000,174.19
中概互联网ETF,513050,1.053,10019,10478,跨境，中概股,0.85%,易方达基金,2017-01-18,中国互联网50指数,96045.16,10385,10115,10446,7586,7374,364.78
酒ETF,512690,0.843,9871,10012,行业，食品饮料，酒,0.60%,鹏华基金,2019-05-06,中证酒指数,88520.25,9325,9918,11195,20526,10000,88.68
纳指ETF,513100,0.911,10100,9945,跨境，美国,0.80%,国泰基金,2013-05-15,纳斯达克100指数,16978.83,10667,11402,9935,14717,20676,51.5
创业板ETF,159915,2.353,10090,9992,宽基，中小盘,0.60%,易方达基金,2011-12-09,创业板指,135945.39,10289,10325,9829,12698,13672,206.02
证券ETF,512880,0.941,10011,10000,行业，金融，证券,0.60%,国泰基金,2016-08-08,证券公司指数,124172.07,10456,10829,9823,10129,10573,296.84
芯片ETF,159995,1.271,10470,10000,行业，半导体，芯片,0.60%,华夏基金,2020-02-10,国证芯片指数,115757.72,12245,12710,11268,13967,10000,204.01
沪深300ETF,510300,4.082,10047,10000,宽基，大盘股,0.60%,华泰柏瑞基金,2012-05-28,沪深300指数,170169.65,10192,10528,10017,11398,11426,775.03
游戏ETF,159869,1.377,9914,10022,主题，游戏,0.60%,华夏基金,2021-03-05,动漫游戏指数,69485.65,14854,18047,16691,10000,10000,6.88
恒生医疗ETF,513060,0.592,10068,9983,跨境，香港，医药，医疗保健,0.65%,博时基金,2021-03-29,恒生医疗保健指数,195729.03,10686,9883,11960,10000,10000,69.51
芯片ETF,512760,1.23,10441,10033,行业，半导体，芯片,0.60%,国泰基金,2019-06-12,中华半导体人民币指数,87302.59,12349,13169,11930,14089,10000,130.09
光伏ETF,515790,1.314,10061,9992,主题，光伏，新兴产业,0.60%,华泰柏瑞基金,2020-12-18,光伏产业指数,78885.79,9440,9563,10453,10000,10000,137.21
创业板50ETF,159949,1.028,10118,9990,宽基，中小盘,0.60%,华安基金,2016-07-22,创业板50指数,76170.01,10108,9990,9510,14378,14899,111.37
医药ETF,512010,0.489,10000,10020,行业，医药,0.60%,易方达基金,2013-10-28,300医药指数,104942.0,10252,10230,9645,9480,10862,128.64
恒生互联网ETF,513330,0.432,10023,10070,跨境，香港，互联网,0.65%,华夏基金,2021-02-08,恒生互联网科技业指数,180715.96,10286,9330,9730,10000,10000,246.27
黄金ETF,518880,4.362,10037,9991,商品，黄金,0.60%,华安基金,2013-07-29,黄金9999指数,63355.26,10668,10943,11111,11886,16072,97.24
军工ETF,512660,1.108,10009,9982,行业，军工,0.60%,国泰基金,2016-08-08,中证军工指数,33661.34,9635,10297,10938,14043,12959,104.53
消费ETF,159928,1.003,9921,10010,行业，消费，必选消费,0.60%,汇添富基金,2013-09-16,中证消费指数,19467.14,9516,9607,10010,12785,18296,109.39
通信ETF,515880,1.117,10063,9991,行业，TMT，通信,0.60%,国泰基金,2019-09-06,通信设备指数,20844.83,11527,13572,13490,10488,10000,13.06
传媒ETF,512980,0.903,9815,10011,行业，TMT，传媒,0.60%,广发基金,2018-01-19,中证传媒指数,33957.33,12918,15075,14333,11459,9243,48.31
恒生ETF,159920,1.131,10044,10018,跨境，香港,0.75%,华夏基金,2012-10-22,香港恒生指数,44856.27,10282,10080,10348,8415,7609,163.44
人工智能ETF,159819,0.964,10063,9979,主题，新兴产业，人工智能,0.20%,易方达基金,2020-09-23,CS人工智能指数,25018.03,11643,14324,13027,10000,10000,13.79
基建50ETF,516970,1.332,10270,10015,主题，基建,0.60%,广发基金,2021-07-05,基建工程指数,30977.71,10847,12484,11137,10000,10000,73.53
恒生科技ETF,513130,0.533,10019,9944,跨境，香港，科技,0.25%,华泰柏瑞基金,2021-06-01,恒生科技指数,111829.16,10513,9744,10290,10000,10000,83.52
港股创新药ETF,513120,0.985,10061,10031,跨境，香港，医药,0.60%,广发基金,2022-07-12,港股创新药港币指数,53934.63,10896,10041,10000,10000,10000,1.85
中证500ETF,510500,6.449,10037,9988,宽基，中小盘,0.60%,南方基金,2013-03-15,中证500指数,184788.2,10300,10955,10874,13205,11658,603.45
创业板成长ETF,159967,0.562,10108,9982,策略，动量，成长,0.60%,华夏基金,2019-07-15,创成长指数,11867.38,10036,9982,9640,15259,10000,33.34
银行ETF,512800,1.07,10028,9981,行业，金融，银行,0.60%,华宝基金,2017-08-03,中证银行指数,23138.04,10161,9926,9075,11111,10743,74.57
创新药ETF,159992,0.98,9990,10000,行业，医药,0.55%,银华基金,2020-04-10,CS创新药指数,91754.62,10359,10459,9684,9432,10000,40.46
新能源车ETF,515030,1.631,10245,10000,主题，新兴产业，新能源车,0.60%,华夏基金,2020-03-04,CS新能车指数,36451.45,10068,9720,9251,21404,10000,92.92
云计算ETF,516510,1.201,10092,10000,主题，TMT，互联网,0.20%,易方达基金,2021-04-07,云计算指数,12419.91,11604,14975,16318,10000,10000,2.31
新能源ETF,516160,0.947,10139,10000,主题，新能源，新兴产业,0.20%,南方基金,2021-02-04,中证新能指数,38256.56,9763,9595,9321,10000,10000,28.19
旅游ETF,159766,1.102,9796,10018,主题，旅游,0.60%,富国基金,2021-07-23,中证旅游指数,27660.8,10018,9761,11188,10000,10000,19.41
科创芯片ETF,588200,1.486,10569,10000,行业，半导体，芯片，科创板,0.60%,嘉实基金,2022-10-26,科创芯片指数,46226.64,12866,14455,10000,10000,10000,2.44
5GETF,515050,1.022,10049,9980,主题，新兴产业，5G,0.60%,华夏基金,2019-10-16,5G通信指数,15243.24,11470,12937,12571,10149,10000,83.74
上证50ETF,510050,2.682,10034,9996,宽基，大盘股,0.60%,华夏基金,2005-02-23,上证50指数,115796.57,10049,10125,9491,10254,10666,583.03
软件ETF,515230,1.093,10074,9982,主题，新兴产业，软件,0.60%,国泰基金,2021-03-02,软件指数,19267.58,11199,13924,14952,10000,10000,6.14
中证1000ETF,512100,2.798,10058,9986,宽基，中小盘,0.60%,南方基金,2016-11-04,中证1000指数,98116.51,10264,11161,11166,14069,12947,106.09
养殖ETF,159865,0.788,9912,10013,行业，畜牧养殖,0.60%,国泰基金,2021-03-08,中证畜牧指数,14910.19,9949,10064,9359,10000,10000,34.1
豆粕ETF,159985,1.799,9885,9989,商品，农产品,0.60%,华夏基金,2019-12-05,大商所豆粕期货价格指数,4602.88,9259,8950,11674,18432,10000,6.36
标普500ETF,513500,1.332,10053,9911,跨境，美国,0.85%,博时基金,2014-01-15,标准普尔500指数,9825.45,10431,10614,9955,14549,17176,93.59
港股通医药ETF,513200,1.029,10078,10039,跨境，香港，医药,0.20%,易方达基金,2022-02-11,HKC医药C港元指数,19230.82,10786,10088,12338,10000,10000,1.69
游戏ETF,516010,1.358,9905,9993,主题，游戏,0.60%,国泰基金,2021-03-05,动漫游戏指数,20099.13,14761,17752,16461,10000,10000,4.38
房地产ETF,512200,0.708,9958,10000,行业，金融，房地产,0.60%,南方基金,2017-09-25,房地产指数,30098.55,10187,9833,8359,8828,7453,34.5
科技ETF,515000,1.403,10152,9993,主题，新兴产业，科技,0.60%,华宝基金,2019-08-16,科技龙头指数,12547.79,11233,12064,11091,10637,10000,32.65
生物医药ETF,512290,1.269,9992,9984,行业，医药，生物科技,0.60%,国泰基金,2019-05-20,CS生医指数,31519.44,10393,10496,9506,8704,10000,39.53
国防ETF,512670,0.827,10024,9976,行业，军工,0.40%,鹏华基金,2019-08-01,中证国防指数,15193.7,9376,9324,10442,14663,10000,30.32
恒生科技指数ETF,513180,0.537,10019,10019,跨境，香港，科技,0.65%,华夏基金,2021-05-25,恒生科技指数,139813.76,10529,9781,10347,10000,10000,168.55
电池ETF,159755,0.859,10238,9988,主题，新兴产业，新能源车，电池,0.60%,广发基金,2021-06-24,新能电池指数,23580.16,10178,9695,9023,10000,10000,22.27
计算机ETF,512720,1.431,10014,9986,行业，计算机,0.60%,国泰基金,2019-08-16,CS计算机指数,16251.33,11119,13500,14002,11778,10000,12.4
教育ETF,513360,0.53,9981,9925,跨境，教育,0.65%,博时基金,2021-06-17,中国教育人民币指数,7738.97,9584,10057,15821,10000,10000,4.89
十年国债ETF,511260,120.16,9992,9982,债券，国债，利率债,0.40%,国泰基金,2017-08-24,10年国债指数,74817.91,10032,10069,10238,10590,11981,6.09
纳指ETF,159941,0.686,10088,9928,跨境，美国,1.05%,广发基金,2015-07-13,纳斯达克100指数,23702.06,10719,11433,9863,15127,19953,114.77
中药ETF,159647,1.191,9925,10008,行业，医药,0.60%,鹏华基金,2022-07-28,中证中药指数,10727.76,10276,11386,10000,10000,10000,6.29
数字经济ETF,560800,0.825,10098,9964,主题，数字经济,0.60%,鹏扬基金,2022-01-07,数字经济指数,10948.1,11332,12295,12009,10000,10000,5.78
电力ETF,159611,0.901,10112,9978,行业，电力,0.60%,广发基金,2022-01-07,电力指数,13739.36,10204,10440,10961,10000,10000,15.7
券商ETF,512000,0.902,10000,10000,行业，金融，证券,0.60%,华宝基金,2016-09-14,证券公司指数,66862.96,10452,10841,9826,10192,10700,221.08
中概互联ETF,159605,0.766,10013,9922,跨境，中概股,0.60%,广发基金,2021-12-02,中国互联网30人民币指数,100162.76,10079,9527,10758,10000,10000,58.13
大数据ETF,515400,1.059,10067,9991,主题，新兴产业,0.60%,富国基金,2021-01-20,中证数据指数,21332.08,11031,14272,14647,10000,10000,5.35
家电ETF,159996,1.1,9991,10000,行业，家电,0.60%,国泰基金,2020-03-16,家用电器指数,23662.41,10064,10934,11317,12048,10000,18.86
信息技术ETF,159939,0.662,10200,10000,行业，信息技术,0.60%,广发基金,2015-02-05,全指信息,14269.43,11453,13019,12610,11384,11843,23.39
煤炭ETF,515220,2.141,10023,9991,行业，煤炭，资源,0.60%,国泰基金,2020-03-02,中证煤炭指数,18138.02,9571,10056,9171,24502,10000,45.22
新能车ETF,515700,2.127,10221,9986,主题，新兴产业，新能源车,0.20%,平安基金,2020-02-10,新能源车指数,19787.93,10038,9766,9329,23322,10000,56.23
国债ETF,511010,129.715,9998,9994,债券，国债，利率债,0.40%,国泰基金,2013-03-25,5年国债指数,38819.13,10032,10047,10182,10422,11605,6.08
有色金属ETF,512400,1.196,10310,10008,行业，资源，有色金属,0.60%,南方基金,2017-09-01,有色金属指数,15430.11,10510,11251,9731,18428,13453,29.11
智能制造ETF,516800,1.127,10153,9965,主题，智能制造,0.60%,华宝基金,2021-02-19,智能制造指数,1228.2,11192,12536,12481,10000,10000,2.27
恒生科技30ETF,513010,0.547,10037,10018,跨境，香港，科技,0.25%,易方达基金,2021-05-25,恒生科技指数,30186.84,10560,9856,10539,10000,10000,39.78
创业板ETF广发,159952,1.425,10085,9972,宽基，中小盘,0.20%,广发基金,2017-05-19,创业板指,10987.53,10281,10326,9834,12826,13822,21.64
信息安全ETF,159613,1.021,10010,10010,主题，信息安全,0.60%,嘉实基金,2022-01-27,信息安全指数,2647.3,10862,13816,13613,10000,10000,1.42
农业ETF,159825,0.843,9929,10012,行业，农业,0.60%,富国基金,2020-12-29,中证农业指数,12945.37,9780,9825,8827,10000,10000,19.23
VRETF,159786,0.837,10072,9988,主题，增强现实,0.60%,银华基金,2021-08-06,中证VR指数,7958.82,11529,13017,11674,10000,10000,3.16
食品饮料ETF,515170,0.733,9892,10000,行业，食品饮料,0.60%,华夏基金,2021-01-13,细分食品指数,17890.73,9349,9696,10456,10000,10000,41.59
中韩半导体ETF,513310,1.192,10285,9983,跨境，韩国,0.95%,华泰柏瑞基金,2022-12-22,中韩半导体指数,4348.05,11767,12417,10000,10000,10000,3.54
智能汽车ETF,515250,0.914,10144,10000,主题，智能汽车,0.60%,富国基金,2021-01-08,CS智汽车指数,6953.36,10999,11748,11963,10000,10000,6.8
H股ETF,510900,0.806,10050,10000,跨境，香港，中概股,0.75%,易方达基金,2012-10-22,恒生中国企业指数,22602.33,10360,9975,10347,7209,6787,101.03
德国ETF,513030,1.192,10102,10076,跨境，德国,1.00%,华安基金,2014-09-05,德国DAX指数,872.14,10447,11539,12004,13974,11006,4.76
钢铁ETF,515210,1.355,10067,9985,行业，钢铁,0.60%,国泰基金,2020-03-02,中证钢铁指数,7817.36,9699,10569,8895,14211,10000,13.53
金融科技ETF,159851,1.307,10100,10015,主题，金融科技,0.60%,华宝基金,2021-03-19,金融科技指数,3885.7,11365,13488,13215,10000,10000,1.98
沪深300ETF易方达,510310,1.945,10041,9990,宽基，大盘股,0.20%,易方达基金,2013-03-25,沪深300指数,17779.51,10205,10542,10088,11696,11809,166.56
消费50ETF,515650,1.231,9903,10000,行业，消费,0.60%,富国基金,2019-11-11,CS消费50指数,8780.79,9535,9739,10041,12836,10000,20.29
半导体ETF,159813,0.816,10421,10000,行业，半导体，芯片,0.60%,鹏华基金,2020-05-25,国证芯片指数,25200.91,12234,12691,11255,10000,10000,23.4
科创信息技术ETF,588100,1.304,10465,10000,行业，信息技术，科创板,0.60%,嘉实基金,2022-05-27,科创信息指数,10198.98,12267,13770,10000,10000,10000,4.9
可转债ETF,511380,11.408,10055,9969,债券，可转债,0.20%,博时基金,2020-04-07,中证转债及可交换债指数,86084.5,10128,10404,10365,11550,10000,22.07
日经ETF,513520,1.109,10119,9946,跨境，日本,0.25%,华夏基金,2019-06-25,日经225指数,363.48,10384,10809,10894,12107,10000,0.575
科创50ETF易方达,588080,1.158,10293,9991,宽基，中小盘，科创板,0.60%,易方达基金,2020-11-16,科创50指数,56394.19,11342,11733,11662,10000,10000,169.11
科创50ETF基金,588180,0.728,10268,9986,宽基，中小盘，科创板,0.35%,国联安基金,2021-07-01,科创50指数,4895.01,11340,11742,11611,10000,10000,18.37
龙头券商ETF,159993,1.021,10049,10010,行业，金融，证券,0.60%,鹏华基金,2020-02-07,证券龙头指数,6619.83,10580,10920,10029,11134,10000,13.22
生物科技ETF,159837,0.618,9984,9984,主题，新兴产业，生物科技,0.20%,易方达基金,2021-01-27,中证生科指数,5593.75,10317,10369,9156,10000,10000,15.72
地产ETF,159707,0.917,9946,9978,行业，金融，房地产,0.60%,华宝基金,2021-11-12,800地产指数,5162.5,10373,10022,8239,10000,10000,2.74
能源化工ETF,159981,1.596,10185,9987,商品，化工,0.60%,建信基金,2020-01-17,易盛能化A,1299.72,10377,10556,9489,20101,10000,4.07
软件ETF,159852,1.097,10046,9991,主题，新兴产业，软件,0.60%,嘉实基金,2021-02-09,软件服务指数,13786.74,11070,13460,14666,10000,10000,4.94
中概互联网ETF,159607,0.767,10026,9922,跨境，中概股,0.60%,嘉实基金,2021-12-02,中国互联网30人民币指数,36099.36,10079,9516,10757,10000,10000,17.02
纳斯达克ETF,513300,1.13,10080,9965,跨境，美国,0.80%,华夏基金,2020-11-05,纳斯达克100指数,5126.42,10741,11244,9982,10000,10000,12.43
建材ETF,159745,0.802,10050,9988,行业，建筑材料,0.60%,国泰基金,2021-06-18,建筑材料指数,5781.07,9816,10335,8813,10000,10000,7.45
汽车ETF,516110,0.968,10157,10000,行业，汽车,0.60%,国泰基金,2021-05-07,800汽车指数,5475.51,10010,9949,10828,10000,10000,7.88
证券保险ETF,512070,0.64,10031,10000,行业，金融,0.60%,易方达基金,2014-07-18,300非银指数,11436.78,10273,10475,10207,9639,10175,55.61
红利低波ETF,512890,0.919,9957,10022,策略，红利,0.60%,华泰柏瑞基金,2019-01-18,红利低波指数,2959.64,10408,11235,10824,16940,10000,2.58
5GETF,159994,0.842,10120,9988,主题，新兴产业，5G,0.60%,银华基金,2020-02-28,5G通信指数,4346.43,11503,12914,12567,10048,10000,18.53
央企共赢ETF,517090,1.284,10118,10000,主题，国企,0.30%,国泰基金,2021-12-28,富时中国国企开放共赢指数,4952.7,10709,12148,12045,10000,10000,0.836
港股科技ETF,513020,0.805,10100,9938,跨境，香港，科技,0.60%,国泰基金,2022-02-08,HKC科技人民币指数,3773.18,10748,10139,10495,10000,10000,3.0
电池ETF,561910,0.669,10183,9985,主题，新兴产业，新能源车，电池,0.60%,招商基金,2021-08-12,CS电池指数,5957.64,9882,9463,9253,10000,10000,2.94
云计算ETF,159890,1.222,10058,9984,主题，TMT，互联网,0.25%,招商基金,2021-04-02,云计算指数,2001.1,11583,14939,16272,10000,10000,0.522
科创信息ETF,588260,1.302,10433,9977,行业，信息技术，科创板,0.60%,华安基金,2022-05-27,科创信息指数,4795.0,12260,13763,10000,10000,10000,2.09
能源ETF,159930,1.171,10034,10000,行业，资源，能源,0.60%,汇添富基金,2013-09-16,中证能源指数,2505.4,10183,11089,10833,20190,15013,2.14
港股通互联网ETF,159792,0.659,10000,10000,跨境，香港，互联网,0.60%,富国基金,2021-09-28,HKC互联网指数,45983.12,10313,9204,10663,10000,10000,38.4
短融ETF,511360,106.915,10000,10000,债券，信用债，短期融资券,0.20%,海富通基金,2020-09-25,中证短融指数,685227.91,10026,10071,10212,10000,10000,129.76
医疗器械ETF,159883,0.672,10000,10015,行业，医药，医疗器械,0.60%,永赢基金,2021-04-30,医疗器械指数,13590.89,10228,10402,9985,10000,10000,22.83
医药卫生ETF,159938,0.83,9964,9976,行业，医药,0.60%,广发基金,2015-01-08,全指医药,6536.85,10260,10533,10197,10520,11488,32.94
稀土ETF,516780,1.124,10099,10018,主题，稀土,0.60%,华泰柏瑞基金,2021-03-08,稀土产业指数,3954.93,10126,10695,10466,10000,10000,7.87
中国国企ETF,517180,1.358,10165,10015,主题，国企,0.30%,南方基金,2021-12-28,富时中国国企开放共赢指数,6360.47,10744,12751,12715,10000,10000,0.41
中国A50ETF,563000,0.811,10037,9988,MSCI,0.60%,易方达基金,2021-11-08,MSCI中国A50互联互通人民币指数,8863.78,10000,10050,9530,10000,10000,70.54
网购ETF,517280,0.942,9947,9958,跨境，香港，线上消费,0.60%,天弘基金,2021-12-03,SHS线上消费人民币指数,2520.66,11432,11587,12092,10000,10000,0.379
畜牧ETF,159867,0.79,9925,10025,行业，畜牧业,0.60%,鹏华基金,2021-03-05,中证畜牧指数,4169.49,9987,10115,9518,10000,10000,5.22
香港证券ETF,513090,1.112,10000,10054,跨境，香港,0.20%,易方达基金,2020-03-26,香港证券港元指数,25569.43,10402,10344,10174,10934,10000,11.28
国证2000ETF,159628,1.059,10028,9991,宽基，中小盘,0.60%,万家基金,2022-07-18,国证2000指数,4973.26,10292,11302,10000,10000,10000,2.55
电子ETF,159997,1.09,10244,10009,行业，电子,0.60%,天弘基金,2020-03-20,CS电子指数,9178.44,11633,12689,11758,12233,10000,12.19
新能源龙头ETF,159752,0.735,10152,10014,主题，新兴产业，新能源,0.60%,申万菱信基金,2021-07-28,新能源指数,1499.01,9853,9595,8834,10000,10000,2.24
半导体龙头ETF,159665,1.265,10446,9992,行业，半导体，芯片,0.52%,工银瑞信基金,2023-01-06,国证芯片指数,4725.11,12222,10000,10000,10000,10000,10.79
上证指数ETF,510210,0.978,10051,9980,宽基，综合,0.60%,富国基金,2011-03-25,上证指数,10199.26,10306,10952,10712,13263,13364,10.74
深证100ETF,159901,3.04,10036,9990,宽基，大盘股,0.60%,易方达基金,2006-04-24,深证100指数,13065.09,10140,10418,9922,12102,12722,64.22
人工智能50ETF,517800,0.806,9975,10000,主题，新兴产业，人工智能,0.60%,方正富邦基金,2021-08-26,SHS人工智能50人民币指数,592.49,11273,12400,12324,10000,10000,0.498
化工ETF,159870,0.753,10067,10013,行业，化工,0.60%,鹏华基金,2021-03-03,细分化工指数,6367.55,9654,10000,8943,10000,10000,8.99
城投债ETF,511220,9.684,10017,10000,债券，企业债，信用债,0.40%,海富通基金,2014-12-16,沪城投债指数,51917.04,10124,10141,10153,10966,12305,13.37
互联网龙头ETF,159856,0.639,10063,10000,主题，互联网,0.52%,工银瑞信基金,2021-02-01,SHS互联网人民币指数,1734.78,11094,11811,12579,10000,10000,4.29
医疗创新ETF,516820,0.515,10019,10019,行业，医药,0.60%,平安基金,2021-07-01,CS医药创新指数,4816.0,9904,9735,8293,10000,10000,8.35
科技100ETF,515580,0.861,10012,9988,主题，新兴产业，科技,0.60%,华泰柏瑞基金,2019-10-28,科技100指数,2832.03,10709,11925,11495,15626,10000,6.79
锂电池ETF,159840,0.684,10240,10000,主题，新兴产业，新能源车，电池,0.52%,工银瑞信基金,2021-08-20,新能电池指数,15731.8,10133,9702,9132,10000,10000,7.44
黄金ETF,159934,4.315,10035,9986,商品，黄金,0.60%,易方达基金,2013-12-16,黄金9999指数,20915.88,10662,10941,11090,11854,15981,32.84
有色ETF,159980,1.565,10156,9994,商品，有色金属,0.70%,大成基金,2019-12-24,上期有色金属指数,4582.31,10176,9793,9249,18051,10000,3.0
香港医药ETF,513700,0.622,10081,10000,跨境，香港，医药,0.60%,鹏华基金,2021-08-06,HKC医药C人民币指数,10717.05,10761,10065,12244,10000,10000,4.34
双创50ETF,159781,0.628,10211,10000,宽基，中小盘,0.60%,易方达基金,2021-07-05,科创创业50指数,14510.71,10432,10449,10178,10000,10000,61.58
医药龙头ETF,515950,1.294,10000,9992,行业，医药,0.60%,富国基金,2020-04-01,医药50指数,5673.2,10327,10520,10008,11616,10000,7.25
中药ETF,560080,1.3,9931,10000,行业，医药,0.60%,汇添富基金,2022-10-17,中证中药指数,5296.5,10260,11394,10000,10000,10000,18.27
中药50ETF,562390,1.189,9941,9992,行业，医药,0.60%,银华基金,2022-07-28,中证中药指数,1918.18,10285,11378,10000,10000,10000,0.788
资源ETF,510410,1.165,10130,10009,行业，资源,0.60%,博时基金,2012-05-11,上证资源指数,2827.48,10365,11300,10477,21182,15229,3.75
创新药ETF易方达,516080,0.72,10000,10014,行业，医药,0.20%,易方达基金,2021-02-23,CS创新药指数,1184.16,10405,10557,9972,10000,10000,2.55
游戏沪港深ETF,517500,1.492,9973,9933,主题，游戏,0.60%,国泰基金,2022-03-15,SHS动漫游戏指数,1236.1,13944,16578,15672,10000,10000,0.545
人工智能ETF,515980,1.063,10057,10009,主题，新兴产业，人工智能,0.60%,华富基金,2020-02-10,人工智能指数,4208.86,11542,14211,12963,10535,10000,2.97
人工智能AIETF,515070,1.232,10041,9984,主题，新兴产业，人工智能,0.60%,华夏基金,2019-12-24,CS人工智能指数,7528.97,11634,14326,12996,11869,10000,6.41
中证500指数ETF,512510,1.707,10029,9982,宽基，中小盘,0.20%,华泰柏瑞基金,2015-06-12,中证500指数,1631.66,10302,11013,11020,14805,13656,5.19
沪深300增强ETF,561990,0.838,10024,9988,宽基，大盘股,0.60%,招商基金,2021-12-10,沪深300指数,7777.4,10084,10397,10084,10000,10000,6.69
基建ETF,516950,1.171,10191,9991,主题，基建,0.60%,银华基金,2021-05-14,中证基建指数,11146.67,10569,12418,11303,10000,10000,10.34
传媒ETF,159805,1.235,9825,9984,行业，TMT，传媒,0.60%,鹏华基金,2020-04-17,中证传媒指数,4529.79,12932,15006,14428,10000,10000,1.72
医疗50ETF,159847,0.58,9983,10000,行业，医药,0.20%,易方达基金,2021-07-19,中证医疗指数,1288.42,10247,10105,9831,10000,10000,3.39
MSCIA股ETF易方达,512090,1.552,10052,9987,MSCI,0.20%,易方达基金,2018-06-01,MSCI中国A股国际通指数,1096.06,10157,10479,10251,14045,10000,4.68
恒生生物科技ETF,513280,0.977,10072,9969,跨境，香港，生物科技,0.20%,汇添富基金,2022-07-18,恒生香港上市生物科技指数,2026.45,10796,9741,10000,10000,10000,1.35
游戏动漫ETF,516770,1.368,9892,9993,主题，游戏,0.60%,华泰柏瑞基金,2021-03-05,动漫游戏指数,6124.89,14741,17859,16482,10000,10000,1.1
电池50ETF,159796,0.816,10200,10000,主题，新兴产业，新能源车,0.20%,汇添富基金,2022-03-14,CS电池指数,1762.45,9879,9444,9304,10000,10000,7.41
芯片50ETF,516350,0.856,10388,9965,行业，半导体，芯片,0.20%,易方达基金,2021-12-23,芯片产业指数,2569.87,12352,13210,12006,10000,10000,1.72
沪深300价值ETF,562320,1.047,10058,9981,,0.60%,银华基金,2023-01-12,300价值指数,1823.23,10245,10000,10000,10000,10000,3.37
稀有金属ETF,562800,0.688,10330,10015,主题，稀有金属,0.60%,嘉实基金,2021-09-27,CS稀金属指数,9036.69,10044,10208,9373,10000,10000,6.62
化工ETF,516020,0.777,10052,10000,行业，化工,0.60%,华宝基金,2021-03-08,细分化工指数,2262.8,9676,9987,8860,10000,10000,3.64
旅游ETF,562510,1.109,9780,10018,主题，旅游,0.60%,华夏基金,2021-12-30,中证旅游指数,8697.18,10009,9797,11236,10000,10000,5.54
计算机ETF,159998,1.093,10037,9991,行业，计算机,0.60%,天弘基金,2020-04-13,CS计算机指数,10022.22,11153,13645,13959,11457,10000,20.65
黄金基金ETF,518800,4.311,10049,9991,商品，黄金,0.60%,国泰基金,2013-07-29,黄金9999指数,17052.06,10663,10942,11102,11856,15979,8.46
芯片ETF龙头,159801,1.261,10473,9992,行业，半导体，芯片,0.60%,广发基金,2020-02-18,国证芯片指数,12158.16,12243,12699,11219,14200,10000,19.18
高端装备ETF,159638,0.898,10045,10011,主题，高端装备,0.60%,嘉实基金,2022-08-12,高装细分50指数,5513.27,9615,10322,10000,10000,10000,17.79
光伏ETF,159857,1.102,10036,9982,主题，光伏，新兴产业,0.60%,天弘基金,2021-02-24,光伏产业指数,21442.88,9435,9566,10485,10000,10000,16.93
医药50ETF,512120,0.544,9982,10018,行业，医药,0.60%,华安基金,2014-01-06,细分医药指数,2467.64,10362,10462,9784,9315,9837,2.7
上证50ETF易方达,510100,1.338,10038,10000,宽基，大盘股,0.20%,易方达基金,2019-10-09,上证50指数,8925.44,10053,10146,9590,11533,10000,12.33
恒生医药ETF,159892,0.688,10058,10000,跨境，香港，生物科技,0.65%,华夏基金,2021-10-19,恒生香港上市生物科技指数,31066.89,10801,9829,12007,10000,10000,5.36
法国CAC40ETF,513080,1.471,10096,10055,跨境，法国,0.65%,华安基金,2020-06-12,法国CAC40指数,180.95,10590,11749,12836,10000,10000,0.639
生物药ETF,159839,0.551,10000,9982,主题，新兴产业，生物科技,0.60%,汇添富基金,2021-02-22,生物医药指数,5287.14,10110,9839,8425,10000,10000,4.54
游戏传媒ETF,517770,1.041,9886,9990,主题，游戏，传媒,0.60%,浦银安盛基金,2021-12-03,SHS游戏传媒人民币指数,465.89,11843,12588,13029,10000,10000,0.514
光伏50ETF,159864,0.821,10024,9976,主题，光伏，新兴产业,0.60%,国泰基金,2021-08-10,光伏产业指数,2985.51,9502,9625,10607,10000,10000,4.93
工业母机ETF,159667,1.011,10040,9980,行业，机床,0.60%,国泰基金,2022-10-26,中证机床指数,8315.72,10444,11147,10000,10000,10000,3.49
TMT50ETF,159909,0.683,9985,10015,行业，TMT,0.60%,招商基金,2011-09-01,TMT50指数,478.73,11052,12088,11982,13262,11936,1.62
银行ETF易方达,516310,0.861,10023,9977,行业，金融，银行,0.20%,易方达基金,2021-05-28,中证银行指数,1505.91,10177,9977,9209,10000,10000,1.53
影视ETF,516620,1.2,9780,10008,主题，TMT，影视,0.60%,国泰基金,2021-11-05,中证影视指数,2183.52,11940,12862,13043,10000,10000,0.712
恒生科技ETF基金,513260,1.015,10079,9961,跨境，香港，科技,0.20%,汇添富基金,2022-09-13,恒生科技指数,1716.72,10518,9807,10000,10000,10000,4.48
央企创新驱动ETF,515900,1.451,10104,10007,主题，央企,0.20%,博时基金,2019-12-18,央企创新指数,5067.84,10614,12359,12214,16659,10000,38.85
双创ETF,588300,0.642,10174,9969,宽基，中小盘,0.60%,招商基金,2021-07-05,科创创业50指数,5545.59,10372,10388,10158,10000,10000,15.0
沪港深创新药ETF,159748,0.753,10000,9987,行业，医药,0.60%,富国基金,2021-12-03,SHS创新药人民币指数,2287.2,10651,10401,10531,10000,10000,1.7
大宗商品ETF,510170,0.872,10069,9966,行业，资源,0.70%,国联安基金,2011-01-25,上证商品指数,146.87,9989,10752,9567,22009,18099,1.72
消费ETF,510150,0.617,10000,10016,行业，消费,0.60%,招商基金,2011-02-25,消费80指数,4095.45,9856,9794,10182,13064,14676,11.32
中证1000ETF,159845,2.804,10054,9989,宽基，中小盘,0.60%,华夏基金,2021-03-31,中证1000指数,135668.85,10267,11157,11173,10000,10000,62.11
港股通100ETF,159788,0.949,10074,9989,跨境，香港,0.20%,易方达基金,2022-03-02,HKC中国100港元指数,372.8,10360,10128,10326,10000,10000,0.36
碳中和50ETF,516070,0.565,10089,10000,主题，低碳,0.20%,易方达基金,2021-04-23,内地低碳指数,2379.27,9809,9708,9401,10000,10000,3.99
食品ETF,515710,0.764,9896,10000,行业，食品饮料,0.60%,华宝基金,2021-01-07,细分食品指数,3079.65,9351,9720,10480,10000,10000,9.74
碳中和龙头ETF,512580,1.315,10108,10031,主题，环保，新兴产业,0.60%,广发基金,2017-02-28,中证环保指数,2795.34,9777,9627,9359,17699,14109,16.15
科创芯片ETF华安,588290,1.461,10649,10027,行业，半导体，芯片，科创板,0.60%,华安基金,2022-10-26,科创芯片指数,9487.57,12884,14465,10000,10000,10000,0.996
TMTETF,512220,1.702,10113,10012,行业，TMT,0.60%,景顺长城基金,2014-08-19,TMT150指数,1328.3,11415,13052,12759,12175,11819,2.64
影视ETF,159855,1.081,9872,10009,主题，TMT，影视,0.60%,银华基金,2021-02-26,中证影视指数,1765.27,12024,12915,13103,10000,10000,1.01
有色60ETF,159881,1.132,10291,9991,行业，资源，有色金属,0.60%,国泰基金,2021-07-01,中证有色指数,3678.47,10570,11331,10162,10000,10000,1.27
军工龙头ETF,512710,0.702,10014,10000,行业，军工,0.60%,富国基金,2019-08-26,军工龙头指数,18456.02,9435,9564,9860,13631,10000,46.07
数字经济ETF,159658,1.312,10155,9992,主题，数字经济,0.60%,华安基金,2022-10-12,数字经济指数,5135.21,11310,12239,10000,10000,10000,0.991
500质量成长ETF,560500,0.916,10088,10011,策略，价值，成长,0.50%,鹏扬基金,2021-09-01,500质量指数,515.75,9957,10281,9652,10000,10000,9.44
软件龙头ETF,159899,1.042,10048,10000,主题，新兴产业，软件,0.60%,招商基金,2021-06-28,软件指数,3696.72,11277,14005,15080,10000,10000,1.28
大数据ETF,159739,1.152,10114,10017,主题，TMT，互联网,0.60%,鹏华基金,2021-11-17,云计算指数,2729.61,11566,14903,16134,10000,10000,0.698
价值100ETF,512040,1.85,10022,9989,策略，价值,0.70%,富国基金,2018-11-29,国信价值指数,2101.97,10210,10953,9893,16357,10000,3.39
央企ETF,510060,2.095,10062,10005,主题，央企,0.60%,工银瑞信基金,2009-10-27,上证央企指数,151.13,10220,10788,10522,12560,11704,0.951
港股科技50ETF,513980,0.524,10096,10000,跨境，香港，科技,0.60%,景顺长城基金,2021-07-02,HKC科技人民币指数,19636.43,10804,10135,10738,10000,10000,21.06
房地产ETF基金,515060,0.911,9956,10000,行业，金融，房地产,0.60%,华夏基金,2020-01-03,房地产指数,5024.81,10236,9913,8482,10352,10000,5.08
沪港深云计算ETF,159738,1.093,10074,9982,跨境，香港，云计算,0.60%,华泰柏瑞基金,2022-01-28,SHS云计算人民币指数,579.03,11210,13200,14269,10000,10000,0.738
MSCI中国A50ETF,560050,0.81,10050,10000,MSCI,0.60%,汇添富基金,2021-11-08,MSCI中国A50互联互通人民币指数,17893.56,10000,10075,9529,10000,10000,74.58
黄金ETF基金,159937,4.36,10039,9993,商品，黄金,0.60%,博时基金,2014-09-01,黄金9999指数,23489.07,10660,10947,11108,11883,16065,59.97
创新药指ETF,159858,0.761,10000,10026,行业，医药,0.20%,南方基金,2021-03-25,CS创新药指数,2303.52,10410,10511,9858,10000,10000,0.738
科创50增强ETF,588460,1.159,10266,9983,宽基，中小盘，科创板,1.10%,鹏华基金,2023-01-05,科创50指数,7514.71,10934,10000,10000,10000,10000,10.45
H股ETF基金,159823,0.697,10043,9943,跨境，香港，中概股,0.20%,嘉实基金,2020-10-23,恒生中国企业指数,70.16,10326,10014,10205,10000,10000,0.366
500增强ETF,561550,0.945,10064,10000,宽基，中小盘,0.80%,华泰柏瑞基金,2021-12-10,中证500指数,4246.92,10305,11066,10788,10000,10000,7.54
互联网50ETF,517050,0.695,10000,9971,主题，互联网,0.60%,华泰柏瑞基金,2021-02-08,SHS互联网人民币指数,1611.68,11102,11740,12636,10000,10000,5.61
香港消费ETF,513590,0.721,10084,9972,跨境，香港，消费,0.60%,鹏华基金,2021-08-19,HKC消费港元指数,130.03,10198,9626,10510,10000,10000,0.766
金融科技ETF,516860,1.134,10080,9991,主题，金融科技,0.60%,博时基金,2021-10-11,金融科技指数,1858.2,11329,13373,12960,10000,10000,0.267
科创板ETF,588090,1.171,10326,10000,宽基，中小盘，科创板,0.60%,华泰柏瑞基金,2020-11-16,科创50指数,14296.52,11358,11757,11698,10000,10000,35.47
生物医药ETF,159859,0.585,10000,10000,行业，医药，生物科技,0.60%,天弘基金,2021-07-07,生物医药指数,13831.44,10104,9898,8528,10000,10000,14.77
1000ETF增强,159680,1.084,10046,9972,宽基，中小盘,0.60%,招商基金,2022-11-30,中证1000指数,5440.0,10246,11327,10000,10000,10000,14.63
医疗器械ETF基金,159797,1.033,9971,10000,行业，医药，医疗器械,0.20%,汇添富基金,2022-05-16,医疗器械指数,590.07,10197,10413,10000,10000,10000,0.557
券商ETF,159842,0.899,10022,10000,行业，金融，证券,0.60%,银华基金,2021-03-19,证券公司指数,4188.85,10441,10831,9868,10000,10000,5.2
央企结构调整ETF,512960,1.319,10076,9992,主题，央企,0.20%,博时基金,2019-01-18,结构调整指数,2194.89,10482,11792,11610,14973,10000,51.64
疫苗生物ETF,561710,0.92,10044,9967,行业，医药，生物科技,0.60%,博时基金,2022-11-25,疫苗生物指数,603.13,9967,10022,10000,10000,10000,4.08
芯片ETF基金,516920,0.777,10430,10000,行业，半导体，芯片,0.20%,汇添富基金,2021-08-16,芯片产业指数,2928.52,12353,13259,11935,10000,10000,3.71
纳指生物科技ETF,513290,1.066,10172,9944,跨境，美国，生物科技,0.65%,汇添富基金,2022-08-29,纳斯达克生物科技指数,227.3,10565,10019,10000,10000,10000,0.753
中证500低波ETF,512260,1.613,10006,9975,策略，低波动,0.60%,华安基金,2019-01-11,500SNLV指数,318.28,10447,11375,11116,13798,10000,0.938
沪深300成长ETF,562310,0.946,10107,9968,策略，成长,0.60%,银华基金,2022-09-09,300成长指数,4840.86,10194,10407,10000,10000,10000,19.33
上证180ETF,510180,3.611,10061,9989,宽基，大盘股,0.60%,华安基金,2006-05-18,上证180指数,8330.63,10178,10470,9983,11488,11518,192.98
消费电子龙头ETF,561100,0.823,10186,10000,主题，消费电子,0.60%,富国基金,2022-02-08,消费电子指数,2108.06,11690,12032,11305,10000,10000,2.2
新能车ETF,159824,1.053,10223,9972,主题，新兴产业，新能源车,0.60%,博时基金,2021-01-11,CS新能车指数,3275.43,10048,9732,9294,10000,10000,2.62
恒生生物科技ETF,159615,1.013,10080,10040,跨境，香港，生物科技,0.65%,南方基金,2022-06-28,恒生香港上市生物科技指数,5487.5,10823,9864,10000,10000,10000,2.16
H股ETF港股通,159960,0.711,10071,10000,跨境，香港，中概股,0.60%,平安基金,2018-10-22,恒生中国企业指数,288.07,10289,10085,10612,8384,10000,4.0
光伏ETF基金,516290,0.812,10037,10012,主题，光伏，新兴产业,0.20%,汇添富基金,2021-08-23,光伏产业指数,783.02,9464,9598,10477,10000,10000,2.55
消费电子ETF,159732,0.742,10150,10000,主题，消费电子,0.60%,华夏基金,2021-08-23,消费电子指数,2438.16,11175,11891,10816,10000,10000,1.29
纳斯达克ETF,159632,1.036,10097,9942,跨境，美国,0.80%,华安基金,2022-08-03,纳斯达克100指数,8167.44,10747,11800,10000,10000,10000,30.39
稀土ETF基金,516150,1.191,10110,10000,主题，稀土,0.60%,嘉实基金,2021-03-17,稀土产业指数,8488.98,10128,10643,10411,10000,10000,20.83
创新药ETF,515120,0.729,9986,10014,行业，医药,0.60%,广发基金,2021-01-04,CS创新药指数,28708.91,10399,10489,9733,10000,10000,16.81
新材料50ETF,159761,0.701,10130,9986,主题，新兴产业，新材料,0.60%,国泰基金,2021-12-13,新材料指数,1910.71,9957,10264,9409,10000,10000,2.18
光伏50ETF,516880,1.086,10037,9991,主题，光伏，新兴产业,0.60%,银华基金,2021-01-18,光伏产业指数,5025.44,9435,9568,10422,10000,10000,10.39
港股医药ETF,159718,0.892,10125,9989,跨境，香港，医药,0.60%,平安基金,2021-12-28,HKC医药C人民币指数,2246.92,10683,10079,12423,10000,10000,0.668
新能源ETF易方达,516090,0.58,10122,10000,主题，新兴产业，新能源,0.20%,易方达基金,2021-03-19,中证新能指数,4827.4,9748,9603,9508,10000,10000,4.13
沪港深创新药ETF,517120,0.663,10030,10000,行业，医药,0.60%,华泰柏瑞基金,2021-07-19,SHS创新药人民币指数,1448.45,10659,10474,10676,10000,10000,3.74
芯片龙头ETF,516640,0.799,10431,10013,行业，半导体，芯片,0.60%,富国基金,2021-08-27,芯片产业指数,9020.74,12445,13295,12161,10000,10000,9.0
物流ETF,516910,1.067,10009,10009,行业，物流,0.60%,富国基金,2021-06-11,CS物流指数,3252.59,9735,10309,9535,10000,10000,1.09
科技ETF,159807,0.617,10082,10000,主题，新兴产业，科技,0.20%,易方达基金,2020-03-30,科技50指数,3337.49,10712,11280,10458,12340,10000,5.48
A50ETF,159601,0.812,10037,9988,MSCI,0.60%,华夏基金,2021-11-08,MSCI中国A50互联互通人民币指数,13283.63,9988,10062,9519,10000,10000,47.83
科创50增强策略ETF,588370,1.109,10355,10018,宽基，中小盘，科创板,0.60%,南方基金,2022-12-13,科创50指数,5892.17,11191,11613,10000,10000,10000,9.86
港股通消费ETF,513960,1.17,10078,9966,跨境，香港，消费,0.60%,博时基金,2022-03-18,HKC消费港元指数,2273.33,10227,9661,11550,10000,10000,0.69
双创基金ETF,159783,0.634,10177,9969,宽基，中小盘,0.60%,华夏基金,2021-07-05,科创创业50指数,4651.38,10393,10411,10144,10000,10000,39.94
政金债券ETF,511520,100.648,9997,10000,债券，利率债，政金债,0.20%,富国基金,2022-10-25,中债-7-10年政策性金融债全价(总值)指数,335868.94,10067,10081,10000,10000,10000,51.66
国企共赢ETF,159719,1.332,10076,9992,主题，国企,0.30%,平安基金,2021-12-28,富时中国国企开放共赢指数,1595.07,10725,12722,12566,10000,10000,0.33
上证综指ETF,510760,1.081,10037,9972,宽基，综合,0.60%,国泰基金,2020-09-09,上证指数,4706.66,10065,10526,10897,10000,10000,3.23
食品饮料ETF,159843,0.807,9866,10000,行业，食品饮料,0.60%,招商基金,2021-02-05,国证食品指数,3024.08,9351,9723,10604,10000,10000,2.7
有色50ETF,516650,1.126,10293,9991,行业，资源，有色金属,0.60%,华夏基金,2021-06-21,细分有色指数,296.89,10533,11328,10045,10000,10000,0.411
金融ETF,510230,0.969,10031,10000,行业，金融,0.60%,国泰基金,2011-05-23,180金融指数,6516.53,10211,10125,9623,9904,9816,35.19
稀有金属ETF,159608,0.759,10327,10040,主题，稀有金属,0.60%,广发基金,2021-12-23,CS稀金属指数,1998.74,10040,10215,9370,10000,10000,1.59
300ETF基金,510330,4.086,10047,9993,宽基，大盘股,0.60%,华夏基金,2013-01-16,沪深300指数,33005.58,10200,10533,10044,11439,11477,249.09
证券ETF,159841,0.858,10035,10012,行业，金融，证券,0.60%,天弘基金,2021-02-09,证券公司指数,13861.7,10451,10847,9885,10000,10000,40.83
绿色电力ETF,159625,1.072,10056,9981,主题，新兴产业，新能源,0.60%,嘉实基金,2022-04-29,绿色电力指数,2506.48,10094,10239,10000,10000,10000,3.67
光伏ETF平安,516180,1.085,10056,10009,主题，光伏，新兴产业,0.60%,平安基金,2021-03-03,光伏产业指数,1021.07,9451,9593,10413,10000,10000,1.09
500价值ETF,159617,1.107,10000,10000,策略，价值，低波动,0.60%,华夏基金,2022-06-30,500价值稳健指数,276.74,10385,11531,10000,10000,10000,1.74
龙头家电ETF,159730,0.878,9977,10000,行业，家电,0.60%,博时基金,2021-12-24,龙头家电指数,973.95,9756,10604,10733,10000,10000,0.353
港股通医药ETF,159776,1.229,10066,10066,跨境，香港，医药,0.60%,银华基金,2022-03-25,HKC医药C人民币指数,5619.75,10715,10057,12490,10000,10000,0.812
800ETF,515800,1.147,10044,9991,宽基，综合,0.20%,汇添富基金,2019-12-16,中证800指数,4529.01,10241,10670,10296,12387,10000,18.74
恒生科技ETF指数,513380,0.988,10071,10020,跨境，香港，科技,0.60%,广发基金,2022-05-12,恒生科技指数,6868.27,10522,9792,10000,10000,10000,0.995
农业ETF,516550,0.741,9960,10014,行业，农业,0.60%,嘉实基金,2021-04-08,大农业指数,1083.5,9636,9524,8960,10000,10000,1.18
港股互联网ETF,513770,0.816,10025,10037,跨境，香港，互联网,0.60%,华宝基金,2022-02-18,HKC互联网指数,16433.6,10329,9326,10667,10000,10000,5.89
碳中和ETF环交所,560550,0.84,10157,9988,主题，环保，新兴产业,0.60%,广发基金,2022-07-19,SEEE碳中和指数,2531.73,10060,10435,10000,10000,10000,10.44
智能汽车ETF,159889,0.895,10159,9989,主题，智能汽车,0.60%,国泰基金,2021-09-09,CS智汽车指数,1105.01,10995,11745,11949,10000,10000,1.17
中证100ETF,512910,1.185,10059,9983,宽基，大盘股,0.60%,广发基金,2019-07-01,中证100指数,2332.1,10189,10571,9818,11826,10000,3.78
AI人工智能ETF,512930,1.46,10014,10000,主题，新兴产业，人工智能,0.20%,平安基金,2019-08-23,CS人工智能指数,1114.99,11643,14272,13001,12997,10000,1.75
云计算50ETF,516630,1.189,9992,10000,主题，TMT，互联网,0.60%,华夏基金,2021-09-03,云计算指数,1529.11,11634,15013,16423,10000,10000,0.683
中医药ETF,561510,1.255,9905,9984,行业，医药,0.60%,华泰柏瑞基金,2022-08-04,中证中药指数,2665.25,10262,11430,10000,10000,10000,1.29
碳中和ETF,159790,0.752,10108,10013,主题，低碳,0.60%,华夏基金,2021-08-06,内地低碳指数,11016.97,9792,9653,9171,10000,10000,29.28
房地产ETF,159768,0.853,9919,9977,行业，金融，房地产,0.60%,银华基金,2022-02-16,内地地产指数,4637.43,10327,9965,8234,10000,10000,1.93
有色金属ETF,159871,1.204,10299,9983,行业，资源，有色金属,0.60%,银华基金,2021-03-31,中证有色指数,1287.97,10524,11263,10067,10000,10000,0.554
创新药沪港深ETF,517380,0.699,10043,10000,行业，医药,0.60%,天弘基金,2021-08-09,恒生沪深港创新药精选50指数,945.68,10591,10204,10264,10000,10000,2.05
纳斯达克100ETF,513110,1.043,10077,9924,跨境，美国,1.00%,华泰柏瑞基金,2023-03-20,纳斯达克100指数,2939.86,10000,10000,10000,10000,10000,5.7
高端制造ETF,562910,0.776,10065,10000,主题，装备制造,0.20%,易方达基金,2022-01-10,装备产业指数,1012.93,9737,10013,9773,10000,10000,0.972
矿业ETF,561330,1.139,10345,10009,行业，资源，有色金属,0.60%,国泰基金,2022-11-01,有色矿业指数,1250.01,10635,11390,10000,10000,10000,0.486
双创ETF基金,588310,0.712,10128,9958,宽基，中小盘,0.60%,方正富邦基金,2021-12-02,科创创业50指数,19.75,10394,10409,10186,10000,10000,0.541
创业板价值ETF,159966,0.524,10019,9981,策略，低波动,0.60%,华夏基金,2019-07-15,创业蓝筹指数,3814.71,10501,10917,11008,12077,10000,5.1
1000ETF,159629,2.1,10053,9995,宽基，中小盘,0.60%,富国基金,2022-08-03,中证1000指数,95061.89,10269,11141,10000,10000,10000,59.33
新能源汽车ETF,516390,0.875,10222,9989,主题，新兴产业，新能源车,0.20%,汇添富基金,2021-06-18,新能源车指数,2016.0,10023,9722,9279,10000,10000,3.59
创新药沪深港ETF,517110,0.727,10028,10014,行业，医药,0.60%,国泰基金,2021-09-30,SHS创新药人民币指数,923.56,10675,10415,10506,10000,10000,1.44
嘉实央企创新ETF,515680,1.459,10097,9979,主题，央企,0.20%,嘉实基金,2019-12-18,央企创新指数,2710.27,10595,12364,12240,16732,10000,15.84
碳中和50ETF,159861,1.169,10112,9983,主题，环保，新兴产业,0.60%,国泰基金,2021-04-02,环保50指数,3081.81,9807,9621,9489,10000,10000,3.59
港股通50ETF,513550,0.802,10050,9963,跨境，香港,0.60%,华泰柏瑞基金,2021-01-13,港股通50港元指数,3662.17,10178,9988,10429,10000,10000,25.76
一带一路国企ETF,515110,1.337,10091,9993,主题，国企，一带一路,0.20%,易方达基金,2020-01-15,国企带路指数,3575.77,10470,11636,11040,15022,10000,3.5
央企创新ETF,515600,1.448,10126,10014,主题，央企,0.20%,广发基金,2019-12-18,央企创新指数,7333.25,10616,12365,12158,16995,10000,15.87
恒生国企ETF,159850,0.638,10063,10016,跨境，香港，中概股,0.65%,华夏基金,2021-02-19,恒生中国企业指数,1653.48,10374,10016,10307,10000,10000,7.64
港股消费ETF,159735,0.636,10095,9984,跨境，香港，消费,0.60%,银华基金,2021-06-04,HKC消费港元指数,1640.7,10209,9593,10225,10000,10000,1.4
消费30ETF,510630,1.141,9896,10009,行业，消费，必选消费,0.60%,华夏基金,2013-05-08,上证消费指数,1168.45,9461,9500,10106,14425,19975,4.5
中证100ETF基金,562000,0.963,10063,9979,宽基，大盘股,0.60%,华宝基金,2022-08-01,中证100指数,4354.22,10223,10617,10000,10000,10000,8.72
锂电池ETF,561160,0.685,10209,10000,主题，新兴产业，新能源车,0.60%,富国基金,2022-07-08,CS电池指数,6110.96,9856,9422,10000,10000,10000,6.39
养殖ETF,516760,0.827,9928,10012,行业，畜牧养殖,0.60%,平安基金,2021-03-12,中证畜牧指数,857.48,9964,10098,9408,10000,10000,1.51
新能源ETF,159875,0.727,10125,9986,主题，新兴产业，新能源,0.60%,嘉实基金,2021-08-17,中证新能指数,7695.51,9758,9616,9381,10000,10000,5.54
医疗保健ETF,516790,0.799,9963,9987,行业，医药，医疗保健,0.60%,华泰柏瑞基金,2021-08-23,医疗保健指数,891.29,10127,10336,10390,10000,10000,1.61
公司债ETF,511030,10.383,10003,10000,债券，公司债，信用债,0.33%,平安基金,2019-03-22,中债-中高等级公司债利差因子全价(总值)指数,23425.88,10098,10284,10113,10630,10000,52.08
港股消费ETF,513230,0.798,10063,10013,跨境，香港，消费,0.60%,华夏基金,2022-01-24,HKC消费港元指数,397.44,10284,9696,10257,10000,10000,0.548
稀土ETF,159713,0.828,10098,10012,主题，稀土,0.60%,富国基金,2021-08-16,稀土产业指数,3293.09,10122,10656,10468,10000,10000,2.62
大数据产业ETF,516700,1.119,10036,9982,主题，新兴产业,0.60%,华宝基金,2021-05-19,中证数据指数,541.23,11014,14129,14420,10000,10000,0.227
恒生互联网ETF,159688,0.882,10000,9977,跨境，香港，互联网,0.65%,华安基金,2023-02-15,恒生互联网科技业指数,8535.23,10304,10000,10000,10000,10000,7.41
央企创新ETF,159974,1.55,10091,10000,主题，央企,0.20%,富国基金,2019-12-18,央企创新指数,5487.76,10609,12400,12272,17898,10000,6.36
日经225ETF,513880,1.073,10132,9954,跨境，日本,0.25%,华安基金,2019-06-25,日经225指数,122.42,10397,10806,10838,12016,10000,0.602
消费电子ETF基金,159779,0.743,10164,9987,主题，消费电子,0.60%,招商基金,2021-11-26,消费电子指数,1117.98,11646,11965,11241,10000,10000,0.636
恒生科技指数ETF,159742,0.544,10037,9963,跨境，香港，科技,0.65%,博时基金,2021-05-25,恒生科技指数,10979.73,10563,9802,10421,10000,10000,8.45
5G50ETF,159811,1.105,10119,9991,主题，新兴产业，5G,0.55%,博时基金,2020-04-22,5G50指数,1753.93,11173,13170,12985,10000,10000,2.09
双创龙头ETF,159603,0.972,10221,10000,宽基，中小盘,0.60%,天弘基金,2022-06-08,科创创业50指数,1068.57,10429,10474,10000,10000,10000,19.7
港股消费50ETF,513070,0.997,10071,10010,跨境，香港，消费,0.20%,易方达基金,2022-03-24,HKC消费港元指数,1016.0,10268,9680,10268,10000,10000,1.31
中证500成长ETF,159606,0.859,10094,9988,策略，价值，成长,0.60%,易方达基金,2021-12-29,500质量指数,569.16,9942,10275,9728,10000,10000,5.97
互联网金融ETF,516100,1.086,10084,10018,主题，金融科技,0.60%,华夏基金,2021-07-23,金融科技指数,535.41,11384,13441,13148,10000,10000,0.596
军工ETF龙头,512680,1.139,10026,10009,行业，军工,0.60%,广发基金,2016-10-14,中证军工指数,3268.18,9636,10298,10931,14255,13756,32.36
科创50ETF华安,588280,0.818,10315,9988,宽基，中小盘，科创板,0.60%,华安基金,2021-10-29,科创50指数,1220.05,11345,11736,11473,10000,10000,1.67
消费龙头ETF,516130,0.828,9940,10024,行业，消费,0.60%,华宝基金,2021-10-13,消费龙头指数,541.92,9628,9764,10235,10000,10000,0.989
中证500ETF易方达,510580,0.766,10039,9987,宽基，中小盘,0.20%,易方达基金,2015-09-14,中证500指数,2716.75,10296,10990,10927,14312,12970,20.47
化工行业ETF,516570,0.838,10072,10000,行业，化工，石油化工,0.20%,易方达基金,2021-06-18,石化产业指数,375.33,9859,10282,9311,10000,10000,0.394
央企改革ETF,512950,1.364,10096,10007,主题，央企,0.20%,华夏基金,2019-01-18,结构调整指数,8164.7,10492,11820,11708,15006,10000,50.56
医药健康ETF,515960,0.974,9969,9990,行业，医药,0.60%,嘉实基金,2020-06-10,医药健康100指数,856.76,10178,10406,9980,10000,10000,2.94
新能源80ETF,516850,1.125,10135,9982,主题，新兴产业，新能源,0.60%,华夏基金,2021-03-19,中证新能指数,306.91,9740,9566,9290,10000,10000,0.73
深成长龙头ETF,159906,1.103,10055,9982,策略，成长,0.60%,大成基金,2011-02-23,成长40指数,1904.44,10347,10289,9642,10129,10793,1.03
证券ETF建信,515560,0.854,10023,10000,行业，金融，证券,0.25%,建信基金,2020-07-20,证券公司指数,826.13,10415,10796,9861,10000,10000,3.96
物联网ETF,516330,1.006,10121,10010,主题，物联网,0.60%,华泰柏瑞基金,2021-04-09,CS物联网指数,255.9,11031,12062,11617,10000,10000,0.461
医疗ETF,159828,0.639,9984,10016,行业，医药,0.60%,国泰基金,2021-01-12,中证医疗指数,11070.88,10290,10111,9595,10000,10000,18.21
政金债5年ETF,511580,101.169,9999,10000,债券，利率债，政金债,0.20%,招商基金,2022-12-14,政金债3-5指数,22841.92,10049,10075,10000,10000,10000,5.41
军工ETF易方达,512560,0.661,10015,9985,行业，军工,0.60%,易方达基金,2017-07-28,中证军工指数,3220.15,9636,10312,11054,15516,14139,6.5
物联网50ETF,159895,0.864,10117,10000,主题，物联网,0.20%,易方达基金,2021-10-21,CS物联网指数,416.65,11006,12067,11474,10000,10000,0.352
材料ETF,159944,1.078,10151,9991,行业，原材料,0.60%,广发基金,2015-07-06,全指材料,41.27,9963,10569,9642,15098,11964,0.362
机械ETF,516960,0.947,10107,10011,行业，机械,0.60%,国泰基金,2021-05-07,细分机械指数,1477.46,9723,9773,9683,10000,10000,0.91
智能汽车50ETF,516590,1.025,10199,9990,主题，智能汽车,0.20%,易方达基金,2021-05-12,智能电车指数,1147.15,10302,10079,9670,10000,10000,1.35
饮料ETF,159789,0.85,9827,10000,行业，食品饮料，饮料,0.60%,建信基金,2021-12-20,饮料指数,368.11,9310,9861,11039,10000,10000,0.621
中国A50ETF,159602,0.812,10050,9988,MSCI,0.60%,南方基金,2021-11-08,MSCI中国A50互联互通人民币指数,2468.12,10000,10037,9531,10000,10000,16.87
港股金融ETF,513140,0.986,10051,9960,,0.60%,华泰柏瑞基金,2023-01-12,H300金融服务港币指数,313.99,10082,10000,10000,10000,10000,2.3
机器人ETF,562500,0.829,10036,9976,主题，新兴产业，机器人,0.60%,华夏基金,2021-12-29,机器人指数,3098.95,10415,12067,11911,10000,10000,1.58
光伏ETF基金,159863,0.867,10035,10000,主题，光伏，新兴产业,0.60%,鹏华基金,2021-03-11,光伏产业指数,1152.32,9455,9612,10625,10000,10000,2.94
交运ETF,159662,1.044,10000,9990,主题，运输,0.60%,南方基金,2022-12-01,国证交运指数,2763.23,9905,10235,10000,10000,10000,7.17
1000成长ETF,562520,1.121,10063,10018,策略，成长，价值,0.60%,华夏基金,2022-03-22,1000成长创新指数,303.22,10247,11557,12400,10000,10000,0.375
恒生ETF,513660,2.201,10064,10023,跨境，香港,0.60%,华夏基金,2015-01-26,香港恒生指数,10394.87,10237,10069,10612,9303,8608,30.2
证券ETF基金,512900,0.934,10011,9989,行业，金融，证券,0.60%,南方基金,2017-03-31,证券公司指数,7707.06,10424,10823,9842,10298,10962,76.24
金融地产ETF,159940,0.93,10032,9989,行业，金融,0.60%,广发基金,2015-04-17,全指金融,348.8,10231,10164,9328,10011,10120,20.68
物联网龙头ETF,159896,0.809,10113,10012,主题，物联网,0.60%,南方基金,2021-11-24,CS物联网指数,509.22,11067,12129,11657,10000,10000,0.72
恒生指数ETF,513600,2.132,10071,9991,跨境，香港,0.60%,南方基金,2015-01-26,香港恒生指数,3192.66,10181,10033,10581,9049,8286,7.39
科技50ETF,515750,1.452,10118,10000,主题，新兴产业，科技,0.60%,富国基金,2019-12-06,中证科技指数,2828.98,11195,12884,12379,12895,10000,5.64
创新药50ETF,159835,0.761,9987,10013,行业，医药,0.60%,建信基金,2021-03-29,CS创新药指数,1283.18,10382,10425,9657,10000,10000,0.602
1000价值ETF,562530,1.106,10018,9982,策略，价值，低波动,0.60%,华夏基金,2022-08-12,1000价值稳健指数,205.31,10424,11533,10000,10000,10000,0.358
生物科技ETF基金,516930,0.654,9985,9985,主题，新兴产业，生物科技,0.60%,民生加银基金,2021-08-18,中证生科指数,343.06,10332,10348,9046,10000,10000,0.558
恒生科技ETF基金,159741,0.534,10056,10000,跨境，香港，科技,0.70%,嘉实基金,2021-06-03,恒生科技指数,6109.47,10533,9816,10450,10000,10000,4.64
港股通科技30ETF,159636,0.893,10113,9978,跨境，香港，科技,0.52%,工银瑞信基金,2022-07-20,港股通科技指数,2479.98,10618,9738,10000,10000,10000,11.19
香港科技ETF,159747,0.531,10076,10000,跨境，香港，科技,0.65%,南方基金,2021-07-14,港股科技港币指数,3693.56,10536,9870,10095,10000,10000,3.55
香港科技50ETF,159750,0.785,10077,9949,跨境，香港，科技,0.65%,招商基金,2022-02-14,港股科技港币指数,2121.0,10523,9849,9924,10000,10000,1.06
恒生科技ETF,159740,0.535,10038,9963,跨境，香港，科技,0.60%,大成基金,2021-05-27,恒生科技指数,21737.13,10552,9817,10348,10000,10000,17.57
港股通50ETF,159712,0.9,10033,9923,跨境，香港,0.60%,国泰基金,2021-11-11,港股通50港元指数,484.56,10124,9967,10405,10000,10000,0.74
港股科技ETF,159751,0.752,10108,9960,跨境，香港，科技,0.75%,鹏华基金,2021-12-28,HKC科技港币指数,404.68,10758,10094,10517,10000,10000,1.03
新经济ETF,159822,0.642,10031,9969,跨境，新兴产业,0.35%,银华基金,2020-10-23,标普新中国行业指数,223.67,10158,9772,10456,10000,10000,2.12
港股通ETF,159711,0.955,10106,9969,跨境，香港,0.60%,华夏基金,2021-12-28,港股通50港元指数,65.54,10192,10021,10506,10000,10000,0.349
H股ETF,159954,0.704,10057,9986,跨境，香港，中概股,0.60%,南方基金,2018-03-15,恒生中国企业指数,300.9,10323,9751,10277,7611,7140,2.56
兴业中证500ETF,510570,0.975,9959,10072,宽基，中小盘,0.60%,兴业基金,2020-08-12,中证500指数,3.83,10473,11042,10703,10000,10000,0.093
港股通科技ETF,513860,0.521,10117,9981,跨境，香港，科技,0.60%,海富通基金,2021-07-02,HKC科技港币全收益指数,4855.81,10787,10077,10611,10000,10000,4.55
医疗ETF基金,159891,0.633,9969,10000,行业，医药，医疗保健,0.60%,建信基金,2021-06-15,医疗保健指数,267.13,10144,10309,10177,10000,10000,1.4
活跃国债ETF,511020,107.757,10000,10000,债券，国债，利率债,0.30%,平安基金,2019-02-22,中证平安5-10年国债指数,62469.86,10061,10082,10202,10531,10000,9.9
港股通科技50ETF,513150,0.825,10110,9964,跨境，香港，科技,0.60%,华泰柏瑞基金,2022-02-11,HKC科技港币指数,602.73,10813,10061,10470,10000,10000,1.54
恒生科技ETF华安,513580,0.539,10056,9963,跨境，香港，科技,0.60%,华安基金,2021-05-27,恒生科技指数,11250.65,10527,9782,10385,10000,10000,9.11
沪港深500ETF指数,517010,0.864,10047,9977,宽基，大盘股,0.20%,易方达基金,2021-08-12,沪港深500人民币指数,197.96,10213,10360,10286,10000,10000,0.476
港股科技30ETF,513160,0.812,10087,9975,跨境，香港，科技,0.60%,银华基金,2022-02-09,恒生港股通中国科技指数,2807.32,10642,10305,11048,10000,10000,0.86
创新药产业ETF,516060,0.671,9985,10015,行业，医药,0.52%,工银瑞信基金,2021-03-01,CS创新药指数,1356.11,10387,10501,9739,10000,10000,1.01
恒生新经济ETF,513320,0.99,10102,9980,跨境，香港,0.60%,易方达基金,2022-03-21,恒生港股通新经济指数,2483.71,10577,9773,10280,10000,10000,0.384
必选消费ETF,512600,0.843,9883,10000,行业，消费，必选消费,0.60%,嘉实基金,2014-07-25,中证消费指数,2059.98,9547,9656,10181,13739,18775,6.36
港股通100ETF,513900,0.848,10036,9988,跨境，香港,0.70%,华安基金,2018-05-25,中华港股通精选100人民币指数,1136.1,10192,9849,10217,9319,10000,1.81
医疗服务ETF,516610,0.693,9986,10000,行业，医药，医疗保健,0.60%,大成基金,2021-05-13,医疗保健指数,827.06,10146,10297,10206,10000,10000,0.778
港股通ETF,513990,0.846,10095,9965,跨境，香港,0.25%,招商基金,2020-08-18,港股通指数,604.52,10267,10156,10535,10000,10000,0.709
恒生科技HKETF,513890,0.783,10038,10000,跨境，香港，科技,0.65%,上投摩根基金,2022-01-21,恒生科技指数,2794.82,10524,9824,10398,10000,10000,2.28
沪港深500ETF,517000,0.768,10039,9974,宽基，大盘股,0.60%,银华基金,2021-03-05,沪港深500人民币指数,626.86,10186,10378,10254,10000,10000,5.17
沪港深300ETF,517300,0.73,10083,9946,宽基，大盘股,0.60%,国寿安保基金,2021-02-24,沪港深300指数,576.93,10181,10369,10111,10000,10000,20.94
基建ETF,159619,1.06,10202,9991,主题，基建,0.60%,国泰基金,2022-02-18,中证基建指数,3929.75,10600,12427,11484,10000,10000,3.16
50ETF基金,510800,1.16,10026,9991,宽基，大盘股,0.60%,建信基金,2018-01-15,上证50指数,995.41,10043,10131,9579,11197,12705,6.11
平安MSCI低波ETF,512390,1.259,9960,10000,MSCI，策略，低波动,0.60%,平安基金,2018-07-13,MSCI中国A股低波指数,1.29,9992,10278,10679,13614,10000,2.35
双创50ETF,588400,0.638,10175,9969,宽基，中小盘,0.60%,嘉实基金,2021-07-05,科创创业50指数,6796.91,10391,10408,10175,10000,10000,17.86
银行ETF华安,516210,0.915,10033,9989,行业，金融，银行,0.60%,华安基金,2021-09-24,中证银行指数,722.44,10167,9903,9068,10000,10000,0.507
医疗设备ETF,159873,0.795,10013,10025,行业，医药，医疗保健,0.60%,天弘基金,2021-03-29,医疗保健指数,886.63,10179,10406,10392,10000,10000,2.08
石化ETF,159731,0.779,10091,10000,行业，化工，石油化工,0.60%,华夏基金,2021-12-10,石化产业指数,289.27,9848,10291,9329,10000,10000,0.29
银行龙头ETF,515280,1.103,10046,9982,行业，金融，银行,0.60%,富国基金,2020-04-17,中证银行指数,2267.74,10157,9928,9078,10000,10000,0.61
证券ETF易方达,512570,0.934,10043,10011,行业，金融，证券,0.60%,易方达基金,2017-08-11,证券公司指数,1726.57,10447,10823,9873,10518,11079,1.95
养老ETF,516560,0.88,9910,10011,主题，养老,0.60%,华宝基金,2021-09-16,养老产业指数,248.2,10092,10317,10564,10000,10000,0.79
国开0-3ETF,159651,100.716,10000,10000,债券，利率债，国开债,0.20%,平安基金,2022-11-16,中债-0-3年国开行债券全价(总值)指数,26609.45,10034,10041,10000,10000,10000,15.71
中概科技ETF,517350,0.657,10077,9939,主题，新兴产业，科技,0.60%,广发基金,2021-06-03,SHS科技龙头指数,134.19,10631,10735,10806,10000,10000,1.23
有色龙头ETF,159876,1.241,10282,9992,行业，资源，有色金属,0.60%,华宝基金,2021-03-24,中证有色指数,400.42,10499,11272,10089,10000,10000,0.399
中证1000ETF基金,560110,0.999,10060,9980,宽基，中小盘,0.20%,汇添富基金,2022-08-08,中证1000指数,7424.64,10267,11150,10000,10000,10000,5.61
稀土ETF易方达,159715,0.736,10096,10014,主题，稀土,0.20%,易方达基金,2021-09-10,稀土产业指数,1558.37,10138,10651,10560,10000,10000,2.52
中融中证500ETF,515550,1.366,10074,9964,宽基，中小盘,0.40%,中融基金,2019-12-25,中证500指数,5.08,10286,10739,10680,13198,10000,0.342
湾区100ETF,159984,1.034,10049,10010,主题，区域，大湾区,0.40%,南方基金,2020-01-17,湾创100指数,11.21,10248,10227,10278,11325,10000,0.561
中证500ETF,159922,6.572,10031,9985,宽基，中小盘,0.20%,嘉实基金,2013-03-15,中证500指数,50655.56,10306,10966,10870,13418,11883,82.55
中证500增强ETF,560100,0.97,9990,10000,宽基，中小盘,0.55%,南方基金,2022-02-16,中证500指数,1427.38,10104,10754,10613,10000,10000,1.24
创业大盘ETF,159814,0.452,10067,9978,宽基，中小盘,0.60%,西部利得基金,2020-07-17,创业大盘指数,1903.05,10067,9934,9516,10000,10000,2.81
深成ETF,159903,1.38,10066,9986,宽基，综合,0.60%,南方基金,2010-02-02,深证成指,236.04,10260,10706,10268,12289,11979,2.45
500ETF基金,512500,3.424,10038,9980,宽基，中小盘,0.60%,华夏基金,2015-05-29,中证500指数,15038.95,10292,10960,10853,13144,11548,41.77
粤港澳大湾区ETF,159983,1.111,10063,9991,主题，区域，大湾区,0.40%,华夏基金,2020-04-23,湾创100指数,226.47,10211,10268,10155,10000,10000,0.713
医药卫生ETF,510660,2.765,9982,9986,行业，医药,0.60%,华夏基金,2013-05-08,上证医药指数,533.73,10434,10598,10594,12427,13922,1.04
互联网ETF,517200,0.655,10031,10000,主题，互联网,0.60%,嘉实基金,2021-02-08,SHS互联网人民币指数,764.36,11158,11781,12572,10000,10000,1.56
新能源主题ETF,516580,0.729,10111,10000,主题，新兴产业，新能源,0.60%,博时基金,2021-07-26,中证新能指数,802.86,9694,9505,9205,10000,10000,1.08
机械ETF,159886,0.983,10082,9990,行业，机械,0.60%,富国基金,2021-04-28,细分机械指数,1774.22,9781,9860,9609,10000,10000,0.567
深300ETF,159912,1.573,10058,9994,宽基，大盘股,0.60%,汇添富基金,2011-11-24,深证300指数,23.36,10221,10515,9968,11652,11515,0.87
浙商之江凤凰ETF,512190,1.779,10177,10006,主题，区域，浙江,0.60%,浙商证券资管,2019-09-09,凤凰50指数,4.8,9911,10552,10416,17155,10000,0.503
银行ETF天弘,515290,0.951,10032,9989,行业，金融，银行,0.60%,天弘基金,2020-12-28,中证银行指数,6263.14,10171,9937,9092,10000,10000,63.51
云计算沪港深ETF,517390,1.037,10078,9971,跨境，香港，云计算,0.60%,天弘基金,2021-12-23,SHS云计算人民币指数,587.41,11223,13398,14383,10000,10000,0.537
电力ETF,561560,1.081,10112,9982,行业，电力,0.60%,华泰柏瑞基金,2022-05-16,电力指数,1831.97,10198,10465,10000,10000,10000,1.2
中证500ETF鹏华,159982,1.529,10026,9967,宽基，中小盘,0.20%,鹏华基金,2020-02-20,中证500指数,1327.24,10276,10961,10976,15682,10000,3.52
永赢沪深300ETF,515930,5.17,10039,9952,宽基，大盘股,0.20%,永赢基金,2020-05-08,沪深300指数,41.96,10197,10497,10137,10000,10000,0.422
畜牧养殖ETF,516670,0.843,9918,10000,行业，畜牧养殖,0.30%,招商基金,2021-03-26,中证畜牧指数,3266.54,9976,10084,9525,10000,10000,6.0
中证100ETF基金,159630,1.121,10081,9991,宽基，大盘股,0.20%,汇添富基金,2022-11-01,中证100指数,523.07,10209,10595,10000,10000,10000,0.519
科技龙头ETF,159723,0.758,10053,9961,主题，新兴产业，科技,0.20%,汇添富基金,2021-10-15,SHS科技龙头指数,257.58,10706,10691,10813,10000,10000,0.527
东京证券指数ETF,513800,1.124,9973,10018,跨境，日本,0.25%,南方基金,2019-06-25,东证指数,116.03,10284,10664,11162,12086,10000,0.621
日经225ETF易方达,513000,1.129,10162,9991,跨境，日本,0.25%,易方达基金,2019-06-25,日经225指数,368.93,10339,10866,10940,12298,10000,0.601
智能车ETF,159888,1.017,10150,10000,主题，智能汽车,0.60%,华夏基金,2021-05-21,CS智汽车指数,3285.01,11018,11757,11965,10000,10000,1.11
央视50ETF,159965,1.348,9978,9934,主题，ESG,0.60%,中融基金,2019-04-24,央视50指数,63.98,10282,10573,10204,12765,10000,1.03
国开债ETF,159649,100.796,10000,10000,债券，利率债，国开债,0.20%,华安基金,2022-10-24,中债-1-5年国开行债券全价(总值)指数,314981.39,10042,10056,10000,10000,10000,46.39
光伏ETF华安,159618,1.053,10038,10010,主题，光伏，新兴产业,0.60%,华安基金,2022-04-22,光伏产业指数,1362.67,9452,9529,10000,10000,10000,1.98
大数据50ETF,516000,1.127,10018,9991,主题，新兴产业,0.60%,华夏基金,2021-03-01,中证数据指数,789.73,11093,14338,14598,10000,10000,0.597
消费电子ETF,561600,0.805,10190,10000,主题，消费电子,0.60%,平安基金,2021-09-09,消费电子指数,541.8,11259,11838,11088,10000,10000,0.515
疫苗ETF,159643,0.938,9979,9989,行业，医药，生物科技,0.60%,国泰基金,2022-08-22,疫苗生科指数,2457.7,10000,9936,10000,10000,10000,1.06
机床ETF,159663,1.029,10029,9990,行业，机床,0.60%,华夏基金,2022-10-26,中证机床指数,1703.51,10394,11136,10000,10000,10000,1.01
300增强ETF,561300,0.774,10026,10000,宽基，大盘股,1.10%,国泰基金,2021-12-10,沪深300指数,5649.46,10238,10389,9416,10000,10000,11.4
标普500ETF,159612,1.057,10028,9925,跨境，美国,0.75%,国泰基金,2022-05-20,标准普尔500指数,560.58,10414,10634,10000,10000,10000,0.859
国防军工ETF,512810,1.245,10024,9984,行业，军工,0.60%,华宝基金,2016-08-22,中证军工指数,4620.03,9651,10298,10998,16339,15370,4.63
沪港深500ETF基金,517080,0.77,10065,9961,宽基，大盘股,0.20%,汇添富基金,2021-02-22,沪港深500人民币指数,397.91,10185,10349,10253,10000,10000,5.13
新能源车电池ETF,159775,0.725,10197,9972,主题，新兴产业，新能源车,0.60%,建信基金,2022-01-24,新能电池指数,482.93,10112,9641,8940,10000,10000,0.516
有色ETF基金,159880,1.171,10290,9991,行业，资源，有色金属,0.60%,鹏华基金,2021-03-25,国证有色指数,989.16,10550,11413,9646,10000,10000,0.74
10年地方债ETF,511270,107.844,9993,10000,债券，地方政府债，利率债,0.35%,海富通基金,2018-11-22,上证10年地债指数,58916.06,10022,10136,10349,10775,10000,6.45
科创板新材料ETF,588160,0.932,10264,9979,主题，新材料，科创板,0.60%,南方基金,2022-10-26,科创材料指数,1005.97,10119,10231,10000,10000,10000,0.898
国泰中证500ETF,561350,0.945,10021,9979,宽基，中小盘,0.60%,国泰基金,2021-09-01,中证500指数,7594.8,10272,11001,10887,10000,10000,1.75
泰康公卫健康ETF,159760,0.784,9987,9987,行业，医药，公共卫生,0.60%,泰康资产,2021-12-20,公卫健康指数,1155.84,10329,10357,9975,10000,10000,1.41
物流快递ETF,516530,0.919,10011,9989,行业，物流,0.60%,银华基金,2022-01-17,CS物流指数,455.17,9735,10280,9504,10000,10000,0.847
可选消费ETF,159936,1.689,10042,10006,行业，消费,0.60%,广发基金,2014-06-25,全指可选,167.53,9970,10144,10697,12982,10968,2.0
基本面50ETF,512750,1.165,10060,10000,策略，价值,0.60%,嘉实基金,2019-07-05,基本面50指数,822.54,10374,10970,10562,12460,10000,1.26
沪深300ESGETF,561900,0.83,10036,10000,主题，ESG,0.60%,招商基金,2021-07-15,300ESG指数,847.78,10247,10627,10048,10000,10000,0.604
金融ETF,159931,1.463,10021,9973,行业，金融，房地产,0.60%,汇添富基金,2013-09-16,中证金融指数,105.47,10195,10111,9283,9562,9048,0.655
一带一路ETF,515150,1.3,10117,10008,主题，国企，一带一路,0.20%,富国基金,2020-01-15,国企带路指数,746.28,10484,11649,10915,14381,10000,6.96
双创50ETF基金,159782,0.628,10178,9968,宽基，中小盘,0.60%,银华基金,2021-07-07,科创创业50指数,1487.4,10346,10397,10096,10000,10000,8.11
基建50ETF,159635,1.138,10197,9982,主题，基建,0.60%,华夏基金,2022-07-12,中证基建指数,4571.15,10596,12478,10000,10000,10000,2.95
中证银行ETF,512730,1.101,10018,9982,行业，金融，银行,0.40%,鹏华基金,2020-02-07,中证银行指数,648.2,10185,9964,9221,12802,10000,1.8
机器人ETF,159770,0.846,10012,9988,主题，新兴产业，机器人,0.60%,天弘基金,2021-11-08,机器人指数,1198.54,10393,12000,11915,10000,10000,1.03
价值ETF,510030,0.812,10062,9988,策略，价值,0.60%,华宝基金,2010-05-28,180价值指数,78.35,10188,10628,9963,12996,13223,1.1
小盘价值ETF,159990,1.294,9992,9977,策略，价值,0.60%,银华基金,2020-01-20,小盘价值指数,205.06,10213,10883,10031,14035,10000,0.783
中证1000指数ETF,516300,1.124,10054,10000,宽基，中小盘,0.60%,华泰柏瑞基金,2021-03-24,中证1000指数,2175.49,10293,11229,11218,10000,10000,1.57
农业50ETF,159827,0.884,9955,10011,行业，农业,0.60%,银华基金,2020-12-18,中证农业指数,242.56,9811,9833,8929,10000,10000,1.19
电子50ETF,515320,0.815,10252,9988,行业，电子,0.60%,华安基金,2021-01-08,电子50指数,3465.73,11610,12462,11288,10000,10000,1.97
1000增强ETF,159677,1.08,10065,9991,宽基，中小盘,0.60%,银华基金,2022-12-05,中证1000指数,2470.34,10227,11215,10000,10000,10000,12.51
全球互联ETF,513220,0.91,10033,9934,跨境，中概股,0.65%,招商基金,2022-07-15,全球中国互联网人民币指数,2355.08,10168,9671,10000,10000,10000,1.1
创大盘ETF,159991,0.496,10081,9980,宽基，中小盘,0.30%,招商基金,2020-04-24,创业大盘指数,628.64,10020,9940,9706,10000,10000,0.848
电力ETF基金,561700,0.956,10138,9979,行业，电力,0.60%,博时基金,2022-07-15,电力指数,1825.3,10192,10403,10000,10000,10000,1.29
银行业ETF,512820,1.085,10046,9991,行业，金融，银行,0.60%,汇添富基金,2018-11-23,中证银行指数,3359.01,10188,9945,9072,10949,10000,5.15
交运ETF,561320,0.998,10000,9990,主题，运输,0.60%,国泰基金,2022-12-08,内地运输指数,1684.82,10000,10246,10000,10000,10000,8.8
金融地产ETF,510650,1.98,10020,9985,行业，金融,0.60%,华夏基金,2013-05-08,上证金融指数,1003.41,10206,10092,9630,11334,11263,0.547
沪港深300ETF基金,517030,0.88,10046,9989,宽基，大盘股,0.20%,易方达基金,2021-09-27,沪港深300指数,62.75,10173,10365,9955,10000,10000,0.383
创业板ETF工银,159958,1.41,10100,9986,宽基，中小盘,0.60%,工银瑞信基金,2018-01-19,创业板指,838.02,10277,10330,9826,12612,13532,1.79
国投金融地产ETF,159933,2.214,10068,10023,行业，金融，房地产,0.73%,国投瑞银基金,2013-10-16,300金融指数,7.27,10241,10274,8956,11489,12033,1.55
证券ETF华安,516200,0.909,10033,10000,行业，金融，证券,0.60%,华安基金,2021-03-22,证券公司指数,1088.23,10424,10770,9816,10000,10000,0.511
MSCI中国ETF,512380,1.346,10022,9985,MSCI,0.60%,银华基金,2019-04-30,MSCI中国A股本地指数,1278.21,10105,10418,10166,13637,10000,1.79
消电ETF,561310,0.758,10188,10000,主题，消费电子,0.60%,国泰基金,2021-11-25,消费电子指数,1211.17,11644,12089,11364,10000,10000,1.08
保险证券ETF,515630,1.055,10009,9991,行业，金融，证券保险,0.60%,鹏华基金,2020-04-03,800证保指数,726.76,10293,10592,10134,11188,10000,1.09
光伏龙头ETF,159609,0.763,10026,9987,主题，光伏，新兴产业,0.60%,浦银安盛基金,2022-07-08,光伏产业指数,2232.74,9431,9561,10000,10000,10000,2.79
电子ETF,515260,0.843,10206,9976,行业，电子,0.60%,华宝基金,2020-07-31,电子50指数,2054.44,11612,12489,11377,10000,10000,4.81
智能驾驶ETF,516520,0.975,10146,9990,主题，智能汽车,0.60%,华泰柏瑞基金,2021-03-01,CS智汽车指数,995.39,10980,11747,12142,10000,10000,1.46
建材ETF,516750,0.892,10034,9989,行业，建筑材料,0.60%,富国基金,2021-11-05,建筑材料指数,2967.47,9802,10324,8711,10000,10000,1.02
化工龙头ETF,516220,0.816,10062,9988,行业，化工,0.60%,国泰基金,2021-03-10,细分化工指数,2481.57,9645,10000,8957,10000,10000,1.83
上海国企ETF,510810,0.827,10000,9976,主题，国企，区域,0.55%,汇添富基金,2016-08-29,上海国企指数,7174.77,10222,10589,10049,10589,8950,65.67
碳中和ETF基金,159885,0.776,10078,10000,主题，低碳,0.60%,鹏华基金,2021-04-14,内地低碳指数,1112.01,9786,9688,9305,10000,10000,5.21
A50ETF基金,512550,1.387,10029,9993,宽基，大盘股,0.60%,嘉实基金,2017-08-07,富时中国A50指数,781.19,10051,10109,9768,11764,13085,2.87
AH500ETF,517100,0.772,10052,9974,宽基，大盘股,0.60%,富国基金,2021-03-02,中证沪港深500交易型开放式指数,382.5,10198,10390,10307,10000,10000,3.67
科创ETF,588050,1.164,10301,10000,宽基，中小盘，科创板,0.60%,工银瑞信基金,2020-11-16,科创50指数,27736.6,11356,11734,11663,10000,10000,54.91
在线消费ETF,159728,0.98,9889,10000,主题，线上消费,0.60%,南方基金,2022-01-11,在线消费指数,1024.24,12265,14540,12810,10000,10000,0.32
线上消费ETF,159725,0.946,9885,10021,主题，线上消费,0.52%,工银瑞信基金,2021-07-02,线上消费指数,418.49,12382,14333,13175,10000,10000,0.604
食品ETF,159862,0.866,9863,10012,行业，食品饮料,0.60%,银华基金,2021-11-08,细分食品指数,361.38,9362,9709,10535,10000,10000,0.708
中证1000指数ETF,159633,2.098,10058,9990,宽基，中小盘,0.60%,易方达基金,2022-08-04,中证1000指数,95556.24,10264,11142,10000,10000,10000,58.64
中证1000ETF指数,560010,2.792,10058,9989,宽基，中小盘,0.60%,广发基金,2022-08-04,中证1000指数,91821.56,10261,11132,10000,10000,10000,67.21
5年地方债ETF,511060,101.827,9996,10000,债券，地方政府债，利率债,0.20%,海富通基金,2019-12-12,上证5年期地债指数,78158.19,10032,10106,10258,10618,10000,5.81
国开ETF,159650,100.798,9999,10000,债券，利率债，国开债,0.20%,博时基金,2022-10-28,中债-0-3年国开行债券全价(总值)指数,64267.19,10029,10048,10000,10000,10000,104.14
沪深300ETF,159919,4.154,10039,9988,宽基，大盘股,0.60%,嘉实基金,2012-05-28,沪深300指数,54429.0,10196,10506,10027,11438,11478,209.97
创业板ETF增强,159676,1.004,10030,9941,宽基，中小盘,0.80%,富国基金,2023-04-12,创业板指,38306.08,10000,10000,10000,10000,10000,13.9
上证可转债ETF,511180,10.619,10036,9994,债券，可转债,0.30%,海富通基金,2020-08-26,上证投资级转债及可交换债指数,31956.45,10150,10324,10041,10000,10000,1.47
创业50ETF,159682,0.995,10091,9980,宽基，中小盘,0.60%,景顺长城基金,2023-01-03,创业板50指数,27108.96,10091,10000,10000,10000,10000,71.19
医药ETF,159929,1.71,9982,10012,行业，医药,0.60%,汇添富基金,2013-09-16,中证医药指数,14918.19,10301,10408,10000,9716,10221,12.98
创50ETF,588380,0.642,10174,9969,宽基，中小盘,0.60%,富国基金,2021-07-06,科创创业50指数,9653.97,10422,10422,10207,10000,10000,17.72
创50ETF,159681,1.0,10091,9980,宽基，中小盘,0.60%,鹏华基金,2023-01-03,创业板50指数,9047.94,10111,10000,10000,10000,10000,41.13
泰康沪深300ETF,515380,4.348,10042,9998,宽基，大盘股,0.45%,泰康资产,2020-03-23,沪深300指数,8911.58,10204,10556,10086,11604,10000,36.32
绿色电力ETF,562960,1.016,10120,9971,,0.60%,易方达基金,2023-04-12,绿色电力指数,8715.08,10000,10000,10000,10000,10000,2.37
双创ETF,159780,0.633,10210,9984,宽基，中小盘,0.60%,南方基金,2021-07-05,科创创业50指数,8118.44,10428,10446,10144,10000,10000,30.99
央企ETF,159959,1.456,10104,10007,主题，央企,0.20%,银华基金,2019-01-18,结构调整指数,7439.71,10475,11780,11685,15278,10000,23.33
中证500ETF基金,510510,1.942,10036,9979,宽基，中小盘,0.60%,广发基金,2013-05-24,中证500指数,7189.72,10286,10953,10777,13095,11601,28.52
中小100ETF,159902,3.908,10072,9982,宽基，中小盘,0.60%,华夏基金,2006-09-05,中小板指,6253.27,10380,10588,10093,12069,11102,6.99
创业板ETF南方,159948,2.596,10097,10000,宽基，中小盘,0.20%,南方基金,2016-05-31,创业板指,6091.39,10306,10359,9852,12928,13728,22.08
新能源车ETF,159806,0.702,10233,10000,主题，新兴产业，新能源车,0.60%,国泰基金,2020-03-20,CS新能车指数,5821.26,10057,9764,9261,22696,10000,15.58
科创50ETF龙头,588060,0.721,10241,9986,宽基，中小盘，科创板,0.60%,广发基金,2021-07-29,科创50指数,5757.37,11336,11724,11444,10000,10000,7.51
5年地债ETF,159972,113.0,10000,9959,债券，地方政府债，利率债,0.20%,鹏华基金,2019-11-08,5年地债指数,5602.94,10026,10103,10340,10755,10000,36.92
新能源车龙头ETF,159637,0.797,10218,9987,主题，新兴产业，新能源车,0.55%,东财基金,2022-09-01,CS新能车指数,5440.62,10050,9755,10000,10000,10000,13.49
银行ETF基金,512700,1.134,10027,9982,行业，金融，银行,0.60%,南方基金,2017-07-26,中证银行指数,5246.25,10170,9939,9101,11619,12311,22.33
银行ETF,159887,0.876,10023,10000,行业，金融，银行,0.60%,富国基金,2021-05-20,800银行指数,5210.08,10198,9966,9125,10000,10000,3.45
创业板ETF华夏,159957,1.54,10105,9994,宽基，中小盘,0.60%,华夏基金,2018-01-04,创业板指,5005.72,10308,10343,9884,13485,14779,3.33
双碳ETF,561190,0.846,10132,9976,主题，环保，新兴产业,0.60%,富国基金,2022-07-19,SEEE碳中和指数,4564.41,10059,10470,10000,10000,10000,14.31
证券指数ETF,560090,1.022,10020,9980,行业，金融，证券,0.60%,汇添富基金,2023-03-15,证券公司指数,4463.03,10000,10000,10000,10000,10000,8.65
稀有金属ETF基金,159671,0.946,10305,9979,主题，稀有金属,0.52%,工银瑞信基金,2023-03-10,CS稀金属指数,4470.21,9989,10000,10000,10000,10000,18.11
科创创业ETF,588360,0.666,10183,9970,宽基，中小盘，科创板,0.60%,国泰基金,2021-07-06,科创创业50指数,4174.36,10406,10488,10262,10000,10000,5.29
碳中和100ETF,562990,0.848,10131,9988,主题，环保，新兴产业,0.60%,易方达基金,2022-07-19,SEEE碳中和指数,4096.53,10059,10482,10000,10000,10000,23.05
中证500ETF增强,563030,1.01,10040,9970,宽基，中小盘,0.60%,易方达基金,2023-03-13,中证500指数,3989.69,10264,10000,10000,10000,10000,11.46
基本面120ETF,159910,2.158,9991,9991,策略，价值,0.60%,嘉实基金,2011-09-27,深证F120指数,3927.76,10227,10763,9981,11936,12310,3.48
家电ETF,561120,0.957,9979,10010,行业，家电,0.60%,富国基金,2022-02-15,家用电器指数,3533.28,10084,10925,11393,10000,10000,1.37
电池30ETF,159757,0.695,10221,9971,主题，新兴产业，新能源车，电池,0.60%,景顺长城基金,2021-08-09,新能电池指数,3431.43,10146,9707,9193,10000,10000,5.18
医疗器械ETF招商,159898,0.682,9971,10000,行业，医药，医疗器械,0.60%,招商基金,2021-06-04,医疗器械指数,3303.02,10194,10381,10225,10000,10000,1.7
沪深300ETF华安,515390,1.105,10045,9973,宽基，大盘股,0.20%,华安基金,2020-01-10,沪深300指数,3161.59,10213,10534,10082,12103,10000,3.01
双创龙头ETF,588330,0.636,10192,9969,宽基，中小盘,0.60%,华宝基金,2021-07-06,科创创业50指数,3156.61,10426,10443,10176,10000,10000,10.2
500ETF增强,159610,0.855,10035,9988,宽基，中小盘,0.60%,景顺长城基金,2022-01-10,中证500指数,3124.55,10351,10934,10059,10000,10000,6.09
新能源车ETF华安,516660,1.012,10233,9990,主题，新兴产业，新能源车,0.60%,华安基金,2021-02-26,CS新能车指数,3049.24,10050,9693,9183,10000,10000,4.35
创业板ETF天弘,159977,2.457,10090,9976,宽基，中小盘,0.60%,天弘基金,2019-09-27,创业板R指数,2913.58,10285,10324,9836,12817,10000,51.58
疫苗ETF,562860,0.965,10021,9969,行业，医药，生物科技,0.60%,嘉实基金,2023-02-24,疫苗生物指数,2898.41,10000,10000,10000,10000,10000,18.23
疫苗龙头ETF,561920,1.016,10020,9961,行业，医药，生物科技,0.60%,招商基金,2023-03-29,疫苗生物指数,2908.27,10000,10000,10000,10000,10000,3.09
中证1000增强ETF,159679,0.983,10072,9959,宽基，中小盘,1.10%,国泰基金,2023-02-22,中证1000指数,2832.8,10082,10000,10000,10000,10000,14.58
深F60ETF,159916,4.775,10019,10008,策略，价值,0.60%,建信基金,2011-10-24,深证F60指数,2849.89,10183,10592,9719,11943,12919,3.58
工业有色ETF,560860,0.994,10279,9940,,0.60%,万家基金,2023-03-13,工业有色指数,2641.26,10205,10000,10000,10000,10000,13.14
证券龙头ETF,515850,1.144,10009,10000,行业，金融，证券,0.60%,富国基金,2020-02-21,证券公司指数,2516.15,10457,10875,9896,11673,10000,1.85
医药ETF基金,159838,0.735,9986,9973,行业，医药,0.60%,博时基金,2021-07-30,医药50指数,2458.5,10265,10500,9839,10000,10000,1.45
300ESGETF,516830,0.815,10049,9988,主题，ESG,0.60%,富国基金,2021-07-05,300ESG指数,2353.75,10226,10584,10062,10000,10000,2.61
饮食ETF,159736,0.907,9869,10000,行业，食品饮料,0.60%,天弘基金,2021-09-27,CS食品饮指数,2420.74,9370,9608,10354,10000,10000,69.24
电池ETF基金,562880,0.71,10201,10014,主题，新兴产业，新能源车，电池,0.60%,嘉实基金,2021-07-20,CS电池指数,2272.53,9889,9441,9305,10000,10000,1.98
科技龙头ETF,516050,0.725,10168,10014,主题，新兴产业，科技,0.52%,工银瑞信基金,2021-02-05,科技龙头指数,2234.12,11310,12124,11154,10000,10000,5.07
0-4地债ETF,159816,105.45,10000,9951,债券，利率债，地方政府债,0.20%,鹏华基金,2020-09-04,0-4年地债指数,2249.01,10013,10033,10194,10000,10000,16.03
湖北ETF,159743,0.906,10067,10000,主题，区域,0.60%,博时基金,2022-01-11,湖北指数,2177.02,10535,11512,11297,10000,10000,3.43
光伏ETF龙头,560980,0.9,10022,9989,主题，光伏，新兴产业,0.60%,广发基金,2022-11-29,光伏龙头30指数,2087.21,9444,9657,10000,10000,10000,3.68
绿电50ETF,561170,1.007,10141,9980,,0.60%,富国基金,2023-03-16,绿色电力指数,1962.69,10000,10000,10000,10000,10000,17.15
中证100ETF招商,159631,0.979,10041,9990,宽基，大盘股,0.60%,招商基金,2022-08-26,中证100指数,1928.06,10241,10630,10000,10000,10000,4.15
摩根MSCIAETF,515770,1.188,10008,9992,MSCI,0.20%,上投摩根基金,2020-06-19,MSCI中国A股人民币指数,1851.83,10111,10403,10025,10000,10000,1.14
科创龙头ETF,588150,0.796,10324,9987,宽基，中小盘，科创板,0.60%,南方基金,2021-12-20,科创50指数,1878.19,11371,11775,11689,10000,10000,1.2
家电ETF龙头,560880,1.121,9973,10000,行业，家电,0.60%,广发基金,2022-04-12,家用电器指数,1820.12,10063,10926,11346,10000,10000,9.05
化工50ETF,516120,0.787,10064,10013,行业，化工,0.60%,富国基金,2021-03-09,细分化工指数,1795.96,9680,10025,8994,10000,10000,2.94
科创创业50ETF,588390,0.693,10191,9971,宽基，中小盘，科创板,0.60%,博时基金,2021-08-30,科创创业50指数,1840.4,10359,10390,10073,10000,10000,2.96
双碳ETF,159641,0.855,10118,9977,主题，环保，新兴产业,0.60%,招商基金,2022-07-22,SEEE碳中和指数,1819.35,10071,10452,10000,10000,10000,5.51
碳中和ETF南方,159639,0.846,10144,9988,主题，环保，新兴产业,0.60%,南方基金,2022-07-19,SEEE碳中和指数,1779.0,10059,10483,10000,10000,10000,15.97
中证1000增强ETF,561590,1.051,10077,9990,宽基，中小盘,0.80%,华泰柏瑞基金,2022-12-12,中证1000指数,1703.13,10264,11086,10000,10000,10000,2.99
1000增强ETF天弘,159685,1.024,10039,9961,宽基，中小盘,0.60%,天弘基金,2023-04-03,中证1000指数,1664.58,10000,10000,10000,10000,10000,2.81
券商ETF基金,515010,1.072,10019,10009,行业，金融，证券,0.60%,华夏基金,2019-11-07,证券公司指数,1652.15,10459,10883,9926,11074,10000,8.45
工银沪深300ETF,510350,4.29,10040,9981,宽基，大盘股,0.55%,工银瑞信基金,2019-08-16,沪深300指数,1641.43,10226,10561,10104,11511,10000,26.16
中证500ETF天弘,159820,1.031,10019,9961,宽基，中小盘,0.60%,天弘基金,2020-08-24,中证500指数,1607.55,10279,10922,10830,10000,10000,23.34
A100ETF,561180,1.079,10075,9981,宽基，大盘股,0.60%,富国基金,2022-11-21,中证100指数,1574.04,10198,10610,10000,10000,10000,25.02
能源ETF基金,159945,1.0,10050,10000,行业，资源，能源,0.60%,广发基金,2015-07-06,全指能源,1594.53,10000,10870,10417,18727,14124,0.538
新能源50ETF,516270,0.718,10141,9986,主题，新兴产业，新能源,0.60%,华安基金,2021-07-23,新能源指数,1638.68,9836,9651,8788,10000,10000,1.69
国货ETF,561130,0.839,10036,9988,主题，国产品牌,0.60%,富国基金,2021-10-18,品牌工程指数,1609.03,10307,10702,10514,10000,10000,2.24
证券公司ETF,516730,0.843,10048,9988,行业，金融，证券,0.60%,浦银安盛基金,2021-11-12,证券公司30指数,1572.82,10498,10808,9918,10000,10000,0.588
生物疫苗ETF,159657,0.984,9980,9980,行业，医药，生物科技,0.60%,鹏华基金,2023-03-13,疫苗生科指数,1588.5,10031,10000,10000,10000,10000,8.01
有色50ETF,159652,0.996,10300,9970,行业，资源，有色金属,0.60%,汇添富基金,2023-02-08,细分有色指数,1472.72,10540,10000,10000,10000,10000,12.78
中金科技先锋ETF,560990,0.961,10084,9990,策略，成长，动量,0.55%,中金基金,2022-06-27,科技先锋指数,1531.73,10631,11136,10000,10000,10000,0.645
科创新材料ETF,588010,0.929,10277,9979,主题，新材料，科创板,0.60%,博时基金,2022-10-26,科创材料指数,1513.44,10109,10164,10000,10000,10000,0.529
沪深300ETF基金,510360,1.448,10042,9993,宽基，大盘股,0.60%,广发基金,2015-09-09,沪深300指数,1370.48,10204,10546,10035,11725,11918,15.29
中证500增强ETF,159678,0.991,10041,9980,宽基，中小盘,0.60%,博时基金,2023-02-27,中证500指数,1403.48,10185,10000,10000,10000,10000,4.83
上证50ETF博时,510710,3.433,10035,9994,宽基，大盘股,0.40%,博时基金,2015-06-15,上证50指数,1386.97,10062,10145,9589,11031,11933,5.7
创业板增强ETF,159675,0.983,10134,9980,宽基，中小盘,0.60%,嘉实基金,2022-12-02,创业板指,1421.48,9980,9820,10000,10000,10000,13.22
现代农业ETF,562900,0.918,9935,10022,主题，农业,0.20%,易方达基金,2021-12-13,CS现代农指数,1428.38,9935,9989,9208,10000,10000,0.678
300成长ETF,159656,0.997,10091,9970,策略，成长,0.60%,万家基金,2023-01-16,300成长指数,1352.72,10226,10000,10000,10000,10000,8.87
消费ETF龙头,560680,1.098,9892,10000,行业，消费,0.60%,广发基金,2022-10-31,中证消费指数,1224.19,9515,9598,10000,10000,10000,0.317
中证消费ETF,159689,0.958,9886,10000,行业，消费，必选消费,0.60%,南方基金,2023-03-13,中证消费指数,1200.81,9523,10000,10000,10000,10000,3.82
沪深300ETF博时,515130,1.231,10057,10000,宽基，大盘股,0.20%,博时基金,2020-05-11,沪深300指数,1174.42,10199,10512,10000,10000,10000,0.754
工银上证50ETF,510850,2.88,10028,9990,宽基，大盘股,0.60%,工银瑞信基金,2019-03-06,上证50指数,1200.0,10052,10152,9584,10420,10000,2.31
农业50ETF,516810,0.827,9940,10012,行业，农业,0.60%,华夏基金,2022-01-11,中证农业指数,1150.87,9845,9892,8979,10000,10000,1.85
双创50ETF基金,588350,0.972,10178,9969,宽基，中小盘,0.60%,鹏扬基金,2022-11-10,科创创业50指数,1175.01,10407,10452,10000,10000,10000,19.77
泰康中证500ETF,515530,3.359,10027,9988,宽基，中小盘,0.45%,泰康资产,2020-11-09,中证500指数,1052.6,10282,10934,10864,10000,10000,0.72
银行ETF华夏,515020,1.118,10018,9973,行业，金融，银行,0.60%,华夏基金,2019-12-03,中证银行指数,1077.22,10182,9964,9179,12408,10000,5.87
消费50ETF,159798,1.003,9921,9990,行业，消费,0.60%,易方达基金,2022-05-11,CS消费50指数,1089.8,9534,9757,10000,10000,10000,0.67
绿电ETF,159669,0.996,10061,9980,主题，新兴产业，新能源,0.60%,国泰基金,2023-01-11,绿色电力指数,1111.08,10030,10000,10000,10000,10000,2.39
碳中和龙头ETF,159640,0.848,10131,9976,主题，环保，新兴产业,0.55%,工银瑞信基金,2022-07-21,SEEE碳中和指数,1123.6,10036,10418,10000,10000,10000,4.72
碳中和60指数ETF,560960,0.949,10139,9979,主题，环保，新兴产业,0.40%,上投摩根基金,2023-01-13,碳中和60指数,1142.86,9865,10000,10000,10000,10000,3.47
绿电ETF,562550,1.009,10141,9980,,0.60%,华夏基金,2023-03-27,绿色电力指数,1140.02,10000,10000,10000,10000,10000,5.23
主要消费ETF,159672,0.956,9886,9990,行业，消费，必选消费,0.60%,博时基金,2023-04-03,中证消费指数,966.06,10000,10000,10000,10000,10000,3.8
民生加银300ETF,515350,5.039,10036,9982,宽基，大盘股,0.20%,民生加银基金,2020-02-07,沪深300指数,1039.94,10209,10553,10092,13405,10000,1.33
中证500ETF博时,159968,7.486,10056,9985,宽基，中小盘,0.20%,博时基金,2019-10-31,中证500指数,973.54,10311,10991,10928,14443,10000,7.56
智能消费ETF,515920,0.81,10100,9988,行业，消费,0.60%,博时基金,2021-01-20,CS智消费指数,1035.4,11020,11894,11722,10000,10000,2.17
电力指数ETF,562350,0.969,10147,9990,行业，电力,0.60%,银华基金,2022-07-12,电力指数,975.8,10211,10431,10000,10000,10000,0.358
300ETF天弘,515330,1.093,10055,9991,宽基，大盘股,0.60%,天弘基金,2019-12-26,沪深300指数,938.72,10205,10540,10028,11603,10000,68.79
食品饮料ETF华安,516900,0.793,9875,10013,行业，食品饮料,0.60%,华安基金,2021-04-28,食品饮料指数,920.83,9362,9612,10339,10000,10000,0.516
ESGETF,516720,0.872,10069,10000,主题，ESG,0.60%,浦银安盛基金,2021-08-13,ESG120策略指数,864.14,10307,10647,9887,10000,10000,0.519
物联网沪港深ETF,517660,0.845,10096,9988,跨境，香港，物联网,0.60%,天弘基金,2021-10-25,SHS物联网指数,936.7,10751,11528,11133,10000,10000,0.336
疫苗龙头ETF,159645,1.07,9991,10000,行业，医药，生物科技,0.60%,富国基金,2022-09-26,疫苗生科指数,925.32,10028,9991,10000,10000,10000,0.37
中证800ETF,515810,1.254,10024,9976,宽基，综合,0.20%,易方达基金,2019-10-25,中证800指数,766.58,10228,10663,10262,13158,10000,1.37
泰康碳中和ETF,560560,0.736,10082,9986,主题，低碳,0.60%,泰康资产,2021-09-13,内地低碳指数,774.04,9800,9621,9154,10000,10000,1.18
泰康智能电车ETF,159720,0.715,10171,9986,主题，智能汽车,0.60%,泰康资产,2021-07-20,智能电车指数,812.28,10288,10042,9533,10000,10000,0.803
新材料ETF,516360,0.971,10125,9979,主题，新兴产业，新材料,0.60%,华宝基金,2021-05-13,新材料指数,787.04,9949,10210,9355,10000,10000,1.34
消费电子50ETF,562950,0.786,10181,10000,主题，消费电子,0.20%,易方达基金,2022-01-20,消费电子指数,832.81,11644,12037,11309,10000,10000,0.746
香港科技ETF,513560,0.952,10042,9969,跨境，香港，科技,0.60%,兴银基金,2023-02-13,HKC科技港币指数,775.09,10721,10000,10000,10000,10000,4.49
成渝经济圈ETF,159623,0.931,10076,10000,主题，区域，成渝,0.45%,博时基金,2022-09-09,成渝经济圈指数,800.07,10032,10604,10000,10000,10000,32.65
沪深300ETF平安,510390,4.228,10050,10002,宽基，大盘股,0.60%,平安基金,2018-01-26,沪深300指数,726.18,10220,10567,10122,12082,12110,7.52
MSCI中国A股ETF,512160,1.187,10034,9992,MSCI,0.60%,南方基金,2018-04-27,MSCI中国A股国际通指数,688.99,10119,10468,10144,13366,10000,4.28
MSCI中国ETF招商,515160,1.288,10039,9984,MSCI,0.60%,招商基金,2020-03-02,MSCI中国A股国际通指数,743.38,10158,10438,10118,13445,10000,8.31
深证100ETF华安,159706,0.77,10065,9987,宽基，大盘股,0.20%,华安基金,2021-12-20,深证100指数,670.73,10132,10391,9897,10000,10000,0.706
建材ETF易方达,159787,0.89,10068,10000,行业，建筑材料,0.20%,易方达基金,2022-03-15,建筑材料指数,650.42,9813,10289,8768,10000,10000,0.221
核心50ETF,560650,1.034,10039,9981,主题，ESG,0.60%,民生加银基金,2022-06-27,企业核心竞争力50指数,729.12,10423,11000,10000,10000,10000,0.329
消费电子50ETF,159733,0.839,10060,9976,主题，消费电子,0.60%,景顺长城基金,2021-09-29,消费电子指数,749.0,11620,11986,11157,10000,10000,0.309
文娱传媒ETF,516190,1.2,9836,9992,行业，TMT,0.60%,华夏基金,2021-09-17,文娱传媒指数,657.69,12725,14303,14303,10000,10000,0.173
机器人ETF基金,562360,0.917,10022,9967,主题，新兴产业，机器人,0.60%,银华基金,2021-10-15,机器人指数,678.8,10385,11940,11802,10000,10000,0.725
碳中和100ETF,159642,0.854,10143,9977,主题，环保，新兴产业,0.60%,大成基金,2022-07-21,SEEE碳中和指数,741.46,10071,10479,10000,10000,10000,2.24
沪深300添富ETF,515310,1.14,10044,10000,宽基，大盘股,0.20%,汇添富基金,2019-12-25,沪深300指数,573.89,10215,10556,10035,12179,10000,0.526
300ETF增强,561000,1.035,10029,9990,宽基，大盘股,0.60%,华安基金,2023-01-11,沪深300指数,603.04,10207,10000,10000,10000,10000,8.34
创业板ETF博时,159908,2.19,10069,9991,宽基，中小盘,0.60%,博时基金,2011-07-13,创业板指,622.36,10282,10311,9847,13289,14465,11.0
MSCIA股ETF,512990,1.598,10069,9994,MSCI,0.60%,华夏基金,2015-03-25,MSCI中国A股国际通指数,588.24,10178,10472,10204,13339,14192,3.95
创新药企ETF,560900,1.055,9991,10009,行业，医药,0.40%,上投摩根基金,2022-06-02,CS创新药指数,600.15,10384,10477,10000,10000,10000,2.12
消费服务ETF,516600,0.672,9970,10000,主题，消费服务,0.52%,工银瑞信基金,2021-02-26,消费服务全收益指数,583.6,10075,10500,10370,10000,10000,1.15
物联网ETF招商,159701,0.809,10113,10012,主题，物联网,0.60%,招商基金,2021-12-23,CS物联网指数,560.32,11052,11427,11607,10000,10000,0.42
新材料ETF,159703,0.871,10163,9989,主题，新兴产业，新材料,0.60%,天弘基金,2021-06-08,新材料指数,570.59,9932,10247,9316,10000,10000,0.543
ESG300ETF,159653,1.002,10020,9940,主题，ESG,0.56%,国联安基金,2023-03-24,ESG300指数,594.47,10000,10000,10000,10000,10000,2.33
品牌消费ETF,517880,0.83,9976,9976,跨境，香港，消费,0.60%,华泰柏瑞基金,2021-12-01,SHS品牌消费50人民币指数,599.34,9905,10172,10298,10000,10000,0.485
上海金ETF基金,159831,4.432,10045,9984,商品，黄金,0.60%,嘉实基金,2022-04-07,上海金,589.99,10613,10884,10992,10000,10000,0.137
碳中和ETF,560060,0.845,10156,10000,主题，环保，新兴产业,0.60%,汇添富基金,2022-07-21,SEEE碳中和指数,550.67,10084,10484,10000,10000,10000,4.66
证券ETF基金,159848,0.76,10013,10000,行业，金融，证券,0.55%,国联安基金,2021-03-12,证券公司指数,451.83,10411,10795,9857,10000,10000,0.884
标普500ETF基金,513650,1.024,10069,9942,跨境，美国,0.75%,南方基金,2023-04-04,标准普尔500指数,503.65,10000,10000,10000,10000,10000,4.21
长三角ETF,512650,1.055,10048,9991,主题，区域，长三角,0.20%,汇添富基金,2019-10-25,CS长三角指数,480.76,10456,10967,10333,11259,10000,4.48
科技ETF基金,515860,1.307,10069,9992,主题，新兴产业，科技,0.60%,嘉实基金,2019-10-22,新兴科技100指数,548.0,11238,12158,11039,11445,10000,2.04
科技100ETF,159853,0.945,10075,9979,主题，新兴产业，科技,0.20%,南方基金,2021-10-15,科技100指数,535.29,10714,11917,11372,10000,10000,0.287
生物科技ETF,516500,0.805,10012,10000,主题，新兴产业，生物科技,0.60%,华夏基金,2021-03-17,中证生科指数,518.91,10334,10387,9189,10000,10000,0.861
智能车ETF基金,159795,0.879,10162,10000,主题，智能汽车,0.20%,汇添富基金,2022-02-14,CS智汽车指数,483.26,10988,11704,11911,10000,10000,0.669
新材料50ETF,516710,0.704,10129,10000,主题，新兴产业，新材料,0.60%,华夏基金,2021-08-17,新材料指数,532.14,9958,10233,9227,10000,10000,1.12
电池龙头ETF,159767,0.694,10206,9971,主题，新兴产业，新能源车，电池,0.60%,兴银基金,2021-08-23,新能电池指数,515.64,10146,9679,9192,10000,10000,1.23
云50ETF,560660,1.083,10131,10019,行业，TMT，互联网,0.60%,新华基金,2021-08-25,云计算50指数,488.92,11534,14517,15810,10000,10000,1.33
消费ETF沪港深,517550,0.808,9975,9926,跨境，香港，消费,0.60%,招商基金,2022-02-08,SHS消费龙头人民币指数,456.91,9677,9495,10164,10000,10000,0.505
运输ETF,159683,1.021,9980,9980,主题，运输,0.60%,嘉实基金,2023-01-09,内地运输指数,485.5,10000,10000,10000,10000,10000,4.28
中证500ETF平安,510590,6.622,10053,9985,宽基，中小盘,0.60%,平安基金,2018-05-04,中证500指数,422.72,10321,10965,10859,13729,10000,5.92
深100ETF招商,159975,0.609,10016,9984,宽基，大盘股,0.30%,招商基金,2020-01-02,深证100指数,389.18,10167,10428,10066,13612,10000,0.96
金融地产ETF基金,512640,1.832,10027,9989,行业，金融，房地产,0.60%,嘉实基金,2014-07-25,中证金融指数,375.84,10235,10189,9409,10155,9962,0.769
信息科技ETF,512330,1.086,10140,10000,行业，信息技术,0.60%,南方基金,2015-07-20,500信息指数,350.14,11324,13053,13100,11037,13006,4.45
国企一带一路ETF,515990,1.333,10106,10000,主题，国企，一带一路,0.20%,汇添富基金,2020-01-15,国企带路指数,437.56,10447,11561,10899,14648,10000,0.971
生物科技ETF招商,159849,0.659,10000,10000,主题，新兴产业，生物科技,0.60%,招商基金,2021-03-02,中证生科指数,372.91,10329,10378,9230,10000,10000,0.974
互联网ETF,159729,0.755,9987,9934,主题，新兴产业，互联网,0.20%,汇添富基金,2021-07-21,SHS互联网人民币指数,368.24,11022,11687,12397,10000,10000,1.25
长江保护ETF,517330,0.79,10128,10000,主题，环保,0.20%,易方达基金,2022-01-05,长江保护指数,385.06,10207,10533,9753,10000,10000,16.47
张江ETF,517850,1.066,10300,9972,跨境，香港，科技,0.20%,汇添富基金,2022-05-16,SHS张江50指数,357.18,11612,11978,10000,10000,10000,2.02
医药ETF沪港深,517990,1.065,10038,10000,跨境，香港，医药,0.60%,招商基金,2022-05-19,沪港深500医药人民币指数,371.83,10451,10057,10000,10000,10000,0.317
农牧ETF,159616,0.856,9977,10012,主题，农牧,0.60%,建信基金,2022-08-08,农牧主题指数,419.43,9532,9694,10000,10000,10000,0.889
疫苗ETF基金,159646,0.94,9989,10000,行业，医药，生物科技,0.60%,华泰柏瑞基金,2022-08-22,疫苗生科指数,357.48,10011,9979,10000,10000,10000,0.534
申万上证50ETF,510600,3.26,10031,10003,宽基，大盘股,0.60%,申万菱信基金,2018-09-20,上证50指数,329.25,10037,10112,9529,11176,10000,0.428
MSCIETF,512520,1.205,10025,9992,MSCI,0.20%,华泰柏瑞基金,2018-05-18,MSCI中国A股国际通指数,309.5,10195,10497,10352,13932,10000,5.19
超大盘ETF,510020,2.946,10007,9990,宽基，大盘股,0.60%,博时基金,2010-03-19,超大盘指数,271.35,10072,10226,9659,10344,10939,1.09
中银中证100ETF,515670,1.044,10068,10010,宽基，大盘股,0.54%,中银基金,2020-05-20,中证100指数,331.74,10225,10642,9840,10000,10000,1.39
平安创业板ETF,159964,1.521,10093,10007,宽基，中小盘,0.20%,平安基金,2019-04-19,创业板R指数,253.82,10319,10333,9819,13460,10000,4.07
创业板ETF融通,159808,0.906,10067,9989,宽基，中小盘,0.40%,融通基金,2020-09-04,创业板R指数,340.44,10295,10307,9773,10000,10000,0.804
创新100ETF,515200,1.872,10097,9995,主题，新兴产业，科技,0.60%,申万菱信基金,2019-11-15,创新100指数,295.66,10973,11759,11485,16523,10000,1.96
可持续发展ETF,515090,1.182,10034,10000,主题，ESG,0.60%,博时基金,2020-02-20,持续发展指数,334.68,10103,10469,9777,12642,10000,1.43
上证券商ETF,510200,1.05,10010,9990,行业，金融，证券,0.60%,汇安基金,2020-05-08,上证证券指数,287.26,10406,10802,9924,10000,10000,0.649
医疗产业ETF,159877,0.835,9964,9976,行业，医药，医疗保健,0.60%,南方基金,2021-11-03,医疗保健指数,270.63,10133,10334,10220,10000,10000,0.985
碳中和ETF基金,562300,0.745,10095,10000,主题，低碳,0.60%,银华基金,2022-01-05,内地低碳指数,323.66,9790,9601,9209,10000,10000,1.15
智慧电车ETF,560000,0.739,10179,9986,主题，智能汽车,0.60%,浦银安盛基金,2021-09-30,智能电车指数,329.14,10292,10000,9402,10000,10000,0.503
高端装备ETF,516320,0.905,10078,10000,主题，装备制造,0.60%,华夏基金,2021-06-08,装备产业指数,319.92,9742,10022,9902,10000,10000,0.547
沪港深科技ETF,517360,0.863,10058,9942,主题，新兴产业，科技,0.60%,华安基金,2021-07-05,SHS科技100人民币指数,323.62,10747,12036,12138,10000,10000,0.611
180ESGETF,510990,0.865,10093,10012,主题，ESG,0.55%,工银瑞信基金,2021-07-01,180ESG指数,288.69,10188,10472,9931,10000,10000,0.586
稀有金属ETF基金,561800,0.747,10361,10027,主题，稀有金属,0.60%,华富基金,2021-08-24,CS稀金属指数,347.53,10013,10149,9384,10000,10000,0.935
创科技ETF,159773,0.831,10073,10000,主题，新兴产业，科技,0.60%,华泰柏瑞基金,2021-10-08,创科技指数,343.02,10627,10992,10877,10000,10000,0.643
消费TOPETF,517760,0.967,10010,9979,跨境，香港，消费,0.60%,浦银安盛基金,2022-04-19,SHS消费龙头人民币指数,325.58,9719,9565,10000,10000,10000,0.52
交通运输ETF,159666,1.006,9970,9960,主题，运输,0.60%,华夏基金,2023-02-13,运输指数,331.05,9882,10000,10000,10000,10000,9.09
工银中证500ETF,510530,6.595,10038,9992,宽基，中小盘,0.52%,工银瑞信基金,2020-01-03,中证500指数,200.0,10335,10977,10799,12831,10000,2.77
浦银创业板ETF,159810,0.959,10105,9990,宽基，中小盘,0.20%,浦银安盛基金,2020-07-10,创业板指,244.79,10323,10345,9876,10000,10000,0.607
景顺MSCIA股ETF,512280,1.507,10047,9993,MSCI,0.60%,景顺长城基金,2018-05-25,MSCI中国A股国际通指数,223.71,10134,10415,10101,14325,10000,0.839
深证成指ETF,159943,1.206,10075,10008,宽基，综合,0.60%,大成基金,2015-07-08,深证成指,229.51,10281,10701,10352,12874,12667,0.971
浦银MSCI中国ETF,515780,1.376,10022,9971,MSCI,0.20%,浦银安盛基金,2020-05-29,MSCI中国A股人民币指数,166.22,10088,10393,10066,10000,10000,0.793
MSCIESGETF,159621,1.003,10020,9980,主题，ESG,0.60%,国泰基金,2022-09-09,MSCI中国A股人民币指数,229.15,10162,10448,10000,10000,10000,1.41
化工产业ETF,516690,0.73,10069,10000,行业，化工,0.60%,银华基金,2021-12-21,细分化工指数,223.96,9656,9973,8946,10000,10000,0.568
物联网50ETF,516260,0.83,10085,9976,主题，物联网,0.60%,华夏基金,2021-08-02,CS物联网指数,169.94,11067,12117,11608,10000,10000,1.05
智能电动车ETF,516380,0.827,10210,9976,主题，智能汽车,0.60%,华宝基金,2021-06-18,智能电车指数,173.71,10325,10049,9561,10000,10000,1.32
医药创新ETF,560600,0.825,9988,10000,行业，医药,0.60%,方正富邦基金,2022-03-15,CS医药创新指数,172.27,9916,9649,8160,10000,10000,0.083
深创100ETF,159716,0.774,10065,9987,主题，新兴产业，科技,0.60%,华宝基金,2021-06-28,深创100指数,190.21,10334,10705,10320,10000,10000,1.28
漂亮50ETF,561500,0.809,10050,10025,主题，ESG,0.60%,华泰柏瑞基金,2021-06-28,企业核心竞争力50指数,153.73,10493,11082,11022,10000,10000,0.966
消费电子龙头ETF,159769,0.854,10179,9977,主题，消费电子,0.60%,银华基金,2022-03-03,消费电子指数,194.49,11619,11961,11120,10000,10000,0.389
长江保护主题ETF,517160,0.786,10116,9975,主题，环保,0.20%,南方基金,2022-01-05,长江保护指数,218.53,10195,10508,9680,10000,10000,16.77
工业互联ETF,159778,0.926,10131,9989,主题，工业4.0，工业互联网,0.60%,鹏华基金,2022-02-17,工业互联指数,197.37,11063,12152,11546,10000,10000,0.507
上海金基金ETF,159833,4.382,10032,9989,商品，黄金,0.60%,大成基金,2022-03-29,上海金,221.76,10654,10925,11038,10000,10000,0.541
绿色能源ETF,562010,0.96,10137,9990,主题，环保，新兴产业,0.60%,华宝基金,2023-01-03,绿色能源指数,200.95,9856,10000,10000,10000,10000,4.33
沪深300ETF南方,159925,2.008,10055,9980,宽基，大盘股,0.60%,南方基金,2013-04-11,沪深300指数,147.32,10219,10541,10055,12060,12395,16.61
国联安沪深300ETF,515660,4.633,10000,9966,宽基，大盘股,0.35%,国联安基金,2019-12-24,沪深300指数,59.32,10165,10534,10041,12342,10000,21.19
方正中证500ETF,510550,1.572,10006,9943,宽基，中小盘,0.60%,方正富邦基金,2019-01-16,中证500指数,70.3,10342,10871,10658,12801,10000,0.228
产业升级ETF,510160,0.77,10105,9974,主题，产业升级,0.60%,南方基金,2010-11-01,小康指数,55.87,10308,11192,10591,14474,13485,2.5
上证50ETF基金,510680,2.623,10034,9989,宽基，大盘股,0.60%,万家基金,2013-12-02,上证50指数,89.16,10038,10100,9493,11219,11419,0.322
中创400ETF,159918,2.017,10080,10005,宽基，中小盘,0.60%,嘉实基金,2012-05-11,中创400指数,73.4,10605,11395,11131,13021,11652,0.593
深100ETF银华,159969,1.305,10046,10008,宽基，大盘股,0.30%,银华基金,2019-08-28,深证100指数,56.97,10140,10374,9812,11831,10000,0.313
A50ETF,512150,1.506,10020,9960,宽基，大盘股,0.60%,汇安基金,2019-01-21,富时中国A50指数,62.74,9960,10013,9611,12324,10000,0.663
100ETF,159627,1.08,10065,9982,宽基，大盘股,0.60%,华夏基金,2022-11-30,中证100指数,88.12,10227,10537,10000,10000,10000,5.02
标普ETF,159655,1.023,10039,9903,跨境，美国,0.75%,华夏基金,2022-10-25,标准普尔500指数,72.38,10407,10601,10000,10000,10000,0.214
创业板ETF富国,159971,1.643,10080,9970,宽基，中小盘,0.40%,富国基金,2019-07-02,创业板R指数,73.1,10301,10282,9856,12494,10000,0.128
国企ETF,510270,1.27,10095,10016,主题，国企,0.60%,中银基金,2011-08-18,上证国企指数,121.02,10120,10522,9930,12282,11630,0.203
上证50ETF华安,510190,3.576,10036,10003,宽基，大盘股,0.20%,华安基金,2011-01-10,上证龙头指数,133.79,10062,10273,9691,11137,9989,0.578
科技创新ETF,159987,1.587,10134,9987,主题，新兴产业，科技,0.38%,银华基金,2019-11-18,创新100指数,145.75,10960,11704,11458,14375,10000,0.549
500等权ETF,515590,1.545,10065,9987,宽基，中小盘,0.20%,前海开源基金,2020-01-20,500等权指数,114.09,10383,11115,11004,15237,10000,0.336
创中盘88ETF,159804,1.338,10106,9978,策略，成长,0.40%,国寿安保基金,2020-03-31,创精选88指数,53.97,11067,12366,12423,13681,10000,1.15
浙江100ETF,159815,0.985,10082,9990,主题，区域，浙江,0.40%,招商基金,2020-08-18,浙江100指数,146.1,10358,10649,10314,10000,10000,0.315
浙江国资ETF,515760,1.13,10009,10000,主题，区域，浙江,0.50%,华夏基金,2020-10-12,浙江国资指数,116.94,10581,10845,10711,10000,10000,2.14
沪港深ETF,517170,0.79,10000,9950,宽基，大盘股,0.60%,华夏基金,2021-04-20,沪港深500人民币指数,76.04,10194,10273,9987,10000,10000,0.239
证券ETF先锋,516980,0.92,9850,10011,策略，动量，成长，证券,0.60%,华富基金,2021-06-24,证券先锋指数,65.34,10431,10824,9634,10000,10000,0.252
创300ETF,159836,0.89,10102,9989,宽基，中小盘,0.60%,天弘基金,2021-05-25,创业300指数,107.47,10458,10894,10545,10000,10000,0.586
智能电车ETF,159710,0.685,10209,9971,主题，智能汽车,0.60%,建信基金,2021-08-09,智能电车指数,92.56,10285,10000,9396,10000,10000,0.489
沪港深科技TOPETF,517270,0.825,10086,9976,主题，新兴产业，科技,0.60%,浦银安盛基金,2022-01-12,SHS科技龙头指数,96.71,10700,10813,10700,10000,10000,0.245
新材料ETF平安,516890,0.733,10138,9986,主题，新兴产业，新材料,0.60%,平安基金,2021-07-28,新材料指数,145.62,9932,10096,9278,10000,10000,0.441
新材料ETF基金,159763,0.688,10133,9971,主题，新兴产业，新材料,0.60%,建信基金,2021-09-13,新材料指数,73.84,9899,10147,8958,10000,10000,0.904
物联网ETF工银,159709,0.878,10069,9989,行业，TMT，物联网,0.52%,工银瑞信基金,2021-07-02,物联网50指数,63.96,11030,12525,11801,10000,10000,1.01
智能网联汽车ETF,159872,0.937,10054,9989,主题，车联网,0.60%,鹏华基金,2021-07-01,CS车联网指数,84.78,10733,11967,11742,10000,10000,0.511
深创龙头ETF,159721,0.764,10079,9987,主题，新兴产业，科技,0.20%,永赢基金,2021-06-25,深创100指数,137.47,10352,10745,10352,10000,10000,0.692
300ESGETF,159791,0.934,10021,9989,主题，ESG,0.60%,华夏基金,2022-03-08,300ESG指数,95.88,10197,10554,9863,10000,10000,0.169
双创50增强ETF,588320,0.998,10132,10000,宽基，中小盘,0.55%,广发基金,2023-01-06,科创创业50指数,57.5,10246,10000,10000,10000,10000,2.37
G60创新ETF,510770,0.776,10039,10026,主题，区域,0.60%,申万菱信基金,2021-09-28,G60成指,79.77,10104,10472,10778,10000,10000,0.226
银行ETF优选,517900,0.958,10021,9969,行业，金融，银行,0.60%,招商基金,2022-03-25,银行AH人民币指数,56.38,10116,9886,9021,10000,10000,0.427
500成长ETF,159620,1.002,10121,9990,策略，成长，价值,0.60%,华夏基金,2022-08-05,500成长创新指数,84.51,10193,10809,10000,10000,10000,0.325
非周期ETF,510120,3.749,10021,9973,行业，非周期,0.60%,海富通基金,2011-06-08,非周期指数,2.24,10121,10567,10402,12369,12852,0.149
战略新兴ETF,512770,1.579,10045,9975,主题，新兴产业,0.60%,华夏基金,2018-08-16,新兴成指,39.3,10174,10148,9033,12453,10000,2.89
国寿300ETF,510380,1.122,10081,10000,宽基，大盘股,0.60%,国寿安保基金,2018-02-07,沪深300指数,0.9691,10303,10655,9982,11663,11712,10.93
方正沪深300ETF,515360,5.201,9977,9924,宽基，大盘股,0.60%,方正富邦基金,2019-11-01,沪深300指数,11.07,10136,10458,10027,13716,10000,1.53
300指数ETF,510370,0.864,10000,9988,宽基，大盘股,0.60%,兴业基金,2020-10-27,沪深300指数,16.54,10141,10473,10000,10000,10000,0.399
平安MSCI国际ETF,512360,1.543,10019,9936,MSCI,0.60%,平安基金,2018-07-20,MSCI中国A股国际指数,4.0,10145,10391,10033,13939,10000,0.853
周期ETF,510110,3.751,10062,9960,行业，周期,0.60%,海富通基金,2010-11-15,上证周期指数,39.89,10288,10419,9720,10914,10062,0.216
上证380ETF,510290,2.11,10033,10000,宽基，中小盘,0.60%,南方基金,2011-11-08,上证380指数,29.23,10139,10738,10882,14502,13534,1.65
景顺中证500ETF,159935,1.966,10051,10020,宽基，中小盘,0.60%,景顺长城基金,2014-01-21,中证500指数,39.08,10347,10934,10627,13568,12091,0.602
国寿500ETF,510560,1.433,10000,10000,宽基，中小盘,0.60%,国寿安保基金,2015-07-03,中证500指数,3.51,10332,10906,10694,12992,11301,1.81
中银证券500ETF,515190,1.289,10000,9961,宽基，中小盘,0.20%,中银证券,2020-05-27,中证500指数,10.74,10279,10887,10531,10000,10000,0.608
180治理ETF,510010,1.4,10029,9852,主题，ESG,0.60%,交银施罗德基金,2009-12-15,180治理指数,1.27,9979,10317,9609,12963,12478,2.22
创业板ETF建信,159956,1.469,10069,9980,宽基，中小盘,0.60%,建信基金,2018-03-07,创业板指,36.57,10338,10302,9946,13502,14290,0.71
BOCI创业板ETF,159821,0.886,10011,9933,宽基，中小盘,0.20%,中银证券,2020-10-29,创业板指,10.59,10219,10278,9672,10000,10000,0.219
MSCIA股ETF基金,512180,1.44,10028,10000,MSCI,0.60%,建信基金,2018-05-21,MSCI中国A股国际通指数,41.63,10141,10412,10077,13806,10000,1.35
深100ETF方正富邦,159961,1.804,10022,9994,宽基，大盘股,0.60%,方正富邦基金,2018-12-19,深证100指数,1.67,10192,10410,9967,12476,10000,5.53
中盘ETF,510130,5.638,9975,9909,宽基，大盘股,0.60%,易方达基金,2010-06-23,上证中盘指数,13.67,10301,10935,10582,14876,14508,2.2
杭州湾区ETF,512870,1.501,10000,10000,主题，区域，杭州,0.60%,南华基金,2019-02-22,杭州湾区指数,1.76,10232,10453,10218,12203,10000,0.446
中证100ETF,159923,1.786,10108,9983,宽基，大盘股,0.60%,大成基金,2013-03-05,中证100指数,6.94,10194,10587,9781,10844,11079,0.207
中小300ETF,159907,1.648,10061,9970,宽基，中小盘,0.60%,广发基金,2011-08-10,中小300指数,25.42,10326,10722,10055,12561,11437,0.985
ESGETF基金,510090,2.329,10022,10004,主题，ESG,0.60%,建信基金,2010-08-09,责任指数,0.8157,10069,10435,9953,13316,14394,0.739
深价值ETF,159913,2.108,9883,10067,策略，价值,0.60%,交银施罗德基金,2011-10-25,深证价值指数,8.7,10604,11285,10308,11538,11849,0.422
日经ETF,159866,0.845,10108,9941,跨境，日本,0.25%,工银瑞信基金,2021-04-08,日经225指数,32.07,10406,10764,10656,10000,10000,0.723
大湾区ETF,512970,1.188,10076,10025,主题，区域，大湾区,0.20%,平安基金,2019-11-11,大湾区指数,4.47,10154,10250,10250,12440,10000,0.755
民企领先100ETF,159973,1.445,10070,10049,主题，民企,0.50%,弘毅远方基金,2019-08-09,民企100指数,8.05,10256,10441,10000,12372,10000,5.16
MSCI价值100ETF,515520,1.282,9984,9953,策略，低波动，价值,0.60%,大成基金,2019-11-18,MSCI中国A股质优价值100指数,13.06,10508,10846,10773,12910,10000,0.257
湾创ETF,159976,1.012,10070,10020,主题，区域，大湾区,0.30%,工银瑞信基金,2020-01-17,湾创100指数,38.36,10222,10233,10110,10630,10000,1.09
深100ETF工银,159970,5.16,10051,9994,宽基，大盘股,0.55%,工银瑞信基金,2020-01-10,深证100R指数,10.01,10184,10366,9872,11859,10000,0.206
工银MSCI中国ETF,512320,0.917,10000,10000,MSCI,0.60%,工银瑞信基金,2020-08-07,MSCI中国A股人民币指数,0.4304,10077,10338,9787,10000,10000,0.311
新材料ETF基金,516480,0.851,10131,10035,主题，新兴产业，新材料,0.60%,国联安基金,2021-06-11,新材料指数,35.06,9953,10192,9260,10000,10000,0.185
科技AHETF,517960,0.968,10073,10000,主题，新兴产业，科技,0.40%,上投摩根基金,2021-12-23,SHS科技100人民币指数,28.24,10816,12025,12146,10000,10000,1.66
ESGETF,159717,0.893,10056,9989,主题，ESG,0.60%,鹏华基金,2021-09-29,ESG300指数,6.04,10113,10420,10079,10000,10000,0.539
创科技ETF基金,159777,0.8,10101,9975,主题，新兴产业，科技,0.60%,国联安基金,2021-10-18,创科技指数,11.32,10568,10899,10652,10000,10000,0.127
线上消费ETF平安,159793,0.901,9989,10011,跨境，香港，消费,0.60%,平安基金,2021-11-24,SHS线上消费人民币指数,24.24,11522,11596,12192,10000,10000,0.488
港股通红利ETF,513130,