,name,code,close,rate,premium,tag,mtexp,fundfirm,listdate,index,avgamount,scale,m1,y0,y1,y3,y5
0,华宝油气LOF,162411,0.706,10014,,跨境，商品，原油,1.28%,华宝基金,2012-06-08,标普石油天然气上游股票指数,3316.74,27.91,10129,9833,10681,28468,12451
1,国投白银LOF,161226,0.769,10145,,商品，白银,1.20%,国投瑞银基金,2015-08-17,-,3702.97,11.64,11634,10520,10172,10463,9612
2,招商双债LOF,161716,1.468,10000,10000,债券,0.80%,招商基金,2015-03-16,-,2254.6,82.04,10069,10194,10302,11029,12991
3,万家行业优选LOF,161903,1.34,10113,10010,偏股混合型基金,1.50%,万家基金,2005-08-15,-,1216.64,98.1,11403,12095,11749,14476,27940
4,白酒基金LOF,161725,1.132,9895,10044,行业，食品饮料，酒,1.22%,招商基金,2021-01-15,中证白酒指数,4598.9,603.92,9317,9869,10937,10000,10000
5,石油LOF,162719,2.079,10043,,跨境，商品，原油,1.30%,广发基金,2017-03-17,道琼斯美国石油开发与生产指数,467.84,11.33,10226,9697,11719,28676,20915
6,印度基金LOF,164824,1.145,10035,,跨境，印度,1.80%,工银瑞信基金,2018-08-01,-,944.32,3.78,9991,9455,9598,15925,10000
7,国企红利LOF,501059,1.964,10000,9992,策略，红利，国企,1.25%,西部利得基金,2018-07-26,国企红利指数,110.03,5.18,9949,10364,9843,17214,10000
8,南方原油LOF,501018,1.182,9908,,跨境，商品，原油,1.28%,南方基金,2016-06-28,-,537.75,1.8,10323,9728,9793,14397,10914
9,兴全趋势LOF,163402,0.681,10104,9949,偏股混合型基金,1.75%,兴全基金,2006-01-19,-,717.15,205.32,10526,10477,10074,11275,14056
10,兴全合宜LOF,163417,1.551,10013,9913,封闭式基金,1.75%,兴全基金,2018-04-23,-,2021.75,179.24,10258,10224,10900,14151,10000
11,富国天惠LOF,161005,2.748,10040,9943,偏股混合型基金,1.75%,富国基金,2006-02-16,-,1481.1,303.71,10018,10385,10004,12714,14661
12,兴全商业模式LOF,163415,3.317,9988,9963,偏股混合型基金,1.75%,兴全基金,2013-02-01,-,416.12,108.38,10372,11009,11379,14612,23067
13,易方达新综债LOF,161119,1.584,9994,10015,债券,0.40%,易方达基金,2013-01-09,中债新综合财富(总值)指数,25.51,15.76,10089,10154,10346,10872,12502
14,标普信息科技LOF,161128,2.8,10112,,跨境，美国,1.05%,易方达基金,2016-12-27,标普500信息科技指数,144.52,4.93,10679,11657,10622,16817,22820
15,基建工程LOF,165525,0.881,10185,9927,主题，基建,1.22%,中信保诚基金,2016-12-09,基建工程指数,417.76,9.51,10757,12253,10890,12937,8819
16,香港中小LOF,501021,1.267,10080,,跨境，香港,1.25%,华宝基金,2016-07-06,标普香港上市中国中小盘精选指数,20.97,4.74,10136,9937,9860,9441,8684
17,沪深港300LOF,160925,1.059,9981,9915,宽基，大盘股,0.60%,大成基金,2019-03-29,中华沪深港300人民币指数,0.5193,0.281,10173,10262,9962,10884,10000
18,中小盘LOF,160918,3.08,9935,9954,偏股混合型基金,1.75%,大成基金,2014-04-30,-,21.06,25.41,10148,10267,11754,14795,19876
19,中概互联网LOF,164906,0.953,10053,,跨境，中概股,1.45%,交银施罗德基金,2015-07-10,中国互联网指数,2729.92,113.53,10011,9549,11133,7416,6740
20,医疗基金LOF,162412,0.865,9977,9968,行业，医药,0.60%,华宝基金,2021-02-26,中证医疗指数,90.1,39.33,10200,10046,9579,10000,10000
21,兴全合润LOF,163406,1.661,10018,9956,偏股混合型基金,1.75%,兴证全球基金,2021-01-28,-,709.28,268.06,10342,10668,10620,10000,10000
22,景顺鼎益LOF,162605,2.466,9916,9940,偏股混合型基金,1.75%,景顺长城基金,2005-05-25,-,993.24,175.4,9629,9663,10370,14823,20529
23,广发小盘LOF,162703,1.736,10006,10002,偏股混合型基金,1.75%,广发基金,2005-04-29,-,478.96,96.14,9570,9118,9161,10797,17428
24,东方红睿泽,501054,1.151,10017,9544,偏股混合型基金,1.75%,上海东方证券资产管理,2018-10-17,-,391.63,106.7,9871,9821,10599,13209,10000
25,标普500LOF,161125,1.762,10046,,跨境，美国,1.05%,易方达基金,2016-12-14,标准普尔500指数,16.23,4.64,10328,10538,10028,14550,16781
26,消费红利增强LOF,501089,1.391,9936,9966,策略，红利，消费，必选消费,1.40%,方正富邦基金,2019-12-31,消费红利指数,201.31,0.221,9495,9789,10043,13855,10000
27,中药基金LOF,501011,1.332,9911,9975,行业，医药,0.85%,汇添富基金,2017-02-20,中证中药指数,465.52,10.74,10176,11241,11453,16629,12710
28,保险主题LOF,167301,0.76,9974,9959,行业，金融,1.20%,方正富邦基金,2021-01-20,保险主题指数,180.59,54.5,10040,10147,10629,10000,10000
29,国泰商品LOF,160216,0.47,10129,,跨境，商品，原油,1.85%,国泰基金,2015-04-07,-,66.63,5.62,10240,10755,10284,16491,9731
30,富国天丰LOF,161010,1.178,10017,9979,混合债券型基金,0.80%,富国基金,2008-12-08,-,32.66,15.31,10068,10235,10304,11682,13302
31,东方红创优定开,169106,1.001,10040,9733,偏债混合型基金,0.90%,上海东方证券资产管理,2018-06-20,-,166.0,13.89,10121,10352,10515,11709,10000
32,体育LOF,161030,1.056,9860,9930,主题，TMT，体育,1.22%,富国基金,2021-01-19,中证体育指数,35.76,1.71,12308,14232,12878,10000,10000
33,香港银行LOF,501025,1.004,10050,,跨境，香港,0.90%,鹏华基金,2016-11-24,HK银行人民币指数,286.38,2.38,10020,10131,9921,10580,9045
34,兴全绿色LOF,163409,1.808,10056,9939,偏股混合型基金,1.75%,兴全基金,2011-07-07,-,60.93,50.87,10072,10433,9521,13859,18189
35,人工智能LOF,161631,1.519,10040,9953,主题，新兴产业，人工智能,0.95%,融通基金,2017-04-19,CS人工智能指数,183.96,4.94,11525,13872,12786,12380,14117
36,国防LOF,160630,1.068,10019,9939,行业，军工,1.22%,鹏华基金,2021-01-18,中证国防指数,41.99,39.26,9410,9303,10250,10000,10000
37,信息LOF,160626,0.96,10137,9930,行业，信息技术,1.22%,鹏华基金,2021-01-18,中证信息指数,5.19,3.38,11470,12800,12245,10000,10000
38,美元债LOF,501300,0.941,10000,,跨境，债券,0.80%,海富通基金,2017-02-16,-,23.73,1.4,9958,10195,10561,8962,10262
39,易基岁丰添利LOF,161115,1.578,10006,10006,混合债券型基金,0.40%,易方达基金,2010-12-03,-,224.89,79.31,10109,10227,10334,12353,10000
40,兴全轻资产LOF,163412,3.221,10145,9936,偏股混合型基金,1.75%,兴全基金,2012-05-31,-,127.83,49.89,10557,10526,10461,13022,16017
41,鹏华300LOF,160615,1.296,10015,9878,宽基，大盘股,0.90%,鹏华基金,2009-05-08,沪深300指数,2.16,12.39,10101,10410,9951,12090,13116
42,沪深300LOF,501043,1.313,10031,9989,宽基，大盘股,0.60%,汇添富基金,2017-10-09,沪深300指数,14.35,1.94,10202,10512,10000,12541,13117
43,信诚周期LOF,165516,5.304,9916,9864,偏股混合型基金,1.75%,中信保诚基金,2012-11-05,-,209.65,17.18,11237,11478,11092,24322,29910
44,银华鑫盛LOF,501022,2.381,10063,9952,偏股混合型基金,1.75%,银华基金,2016-11-10,-,157.91,36.14,10098,10907,9967,19421,29950
45,酒LOF,160632,0.521,9905,10044,行业，食品饮料，酒,1.22%,鹏华基金,2021-01-18,中证酒指数,181.01,37.41,9421,9962,11180,10000,10000
46,消费龙头LOF,501090,1.252,9960,9988,行业，消费,0.85%,华宝基金,2020-01-06,消费龙头指数,31.98,4.96,9690,9797,10154,13834,10000
47,生物医药LOF,161726,0.599,10017,10002,主题，新兴产业，生物科技,1.22%,招商基金,2015-06-05,生物医药指数,461.51,126.01,10084,9852,8496,10000,10000
48,香港大盘LOF,501301,0.894,10102,9915,跨境，香港,0.90%,华宝基金,2017-05-08,恒生中国(香港上市)25指数,4.58,2.34,10171,9944,10444,8340,7576
49,南方香港LOF,160125,1.083,10065,,跨境，香港,1.90%,南方基金,2011-11-01,-,7.42,2.27,10037,9845,10628,10515,10198
50,恒生LOF,164705,0.874,10046,9943,跨境，香港,1.05%,汇添富基金,2015-04-13,香港恒生指数,7.64,3.31,10127,10058,10222,8364,7624
51,恒生国企LOF,161831,0.595,10034,9932,跨境，香港，中概股,1.28%,银华基金,2015-04-13,恒生中国企业指数,16.91,2.22,10276,9851,10119,6913,6430
52,博时睿利LOF,160519,1.75,10000,9912,偏股混合型基金,1.75%,博时基金,2016-08-23,-,0.0658,0.618,10127,10258,10081,13451,18023
53,港股小盘LOF,161124,1.096,10291,,跨境，香港,1.05%,易方达基金,2016-11-10,恒生综合小型股指数,2.2,0.235,10158,10139,10600,10600,9648
54,医药LOF,160219,0.707,9958,9947,行业，医药,1.20%,国泰基金,2021-01-20,国证医药指数,42.02,10.3,10232,10246,9958,10000,10000
55,港股高股息LOFC,501306,0.878,10150,9945,跨境，香港，策略，红利,1.25%,汇添富基金,2018-01-18,港股通高股息人民币指数,0.5984,0.228,10174,9921,10366,10694,8500
56,银河高股息LOF,501307,0.98,10114,10007,策略，红利,0.68%,银河基金,2018-04-25,SHS高股息人民币指数,0.5239,0.163,10020,10734,10031,11303,10000
57,港股通LOF,501309,0.953,10128,9914,跨境，香港,0.95%,国泰基金,2018-12-10,恒生港股通指数,3.67,0.357,9937,10063,10325,10106,10000
58,新经济港股通LOF,501311,0.87,10140,9942,跨境，香港,0.90%,嘉实基金,2019-02-14,恒生港股通新经济指数,63.85,18.18,10469,9831,10223,8824,10000
59,恒生中型股LOF,501303,0.845,10156,9913,跨境，香港,0.60%,广发基金,2017-10-25,恒生综合中型股指数,0.8516,0.24,10144,10242,10144,10267,8895
60,恒生指数LOF,160924,0.772,10118,9917,跨境，香港,1.20%,大成基金,2017-08-28,香港恒生指数,11.84,1.08,10131,10052,10280,8310,7539
61,空天军工LOF,160643,1.302,10054,9997,行业，军工,1.15%,鹏华基金,2017-06-20,空天一体指数,45.66,9.67,9462,9307,10449,14897,13423
62,原油LOF易方达,161129,1.17,9983,,跨境，商品，原油,1.25%,易方达基金,2017-02-15,-,97.44,0.648,10245,10130,8503,13929,10636
63,新能源车LOF,501057,2.143,10185,9949,主题，新兴产业，新能源车,1.10%,汇添富基金,2018-06-20,新能源车指数,224.32,76.47,9949,9640,9193,22487,10000
64,地产LOF,160628,0.926,9914,9947,行业，金融，房地产,1.22%,鹏华基金,2021-01-18,800地产指数,9.42,2.41,10232,10022,8418,10000,10000
65,美国消费LOF,162415,1.871,10108,,跨境，美国,1.25%,华宝基金,2016-04-06,标普美国品质消费股票指数,98.26,2.86,10218,10922,8880,12912,15236
66,智能汽车LOF,161033,1.649,10117,9940,主题，智能汽车,1.20%,富国基金,2016-02-29,CS智汽车指数,14.71,4.05,10971,11564,11889,13224,17000
67,南方金利定开,160128,1.053,9962,10047,长期纯债型基金,0.78%,南方基金,2012-07-16,-,13.95,2.68,10164,10405,10695,11605,13895
68,钢铁LOF,502023,1.541,10000,9874,行业，钢铁,1.22%,鹏华基金,2015-08-24,国证钢铁指数,5.72,8.97,9716,10519,8771,14246,11064
69,红利基金LOF,501029,1.405,10007,,策略，红利,0.90%,华宝基金,2017-02-13,中信标普中国A股红利机会指数,32.65,7.68,10218,10866,10323,15255,13562
70,500增强LOF,502000,1.636,10074,9916,宽基，中小盘,1.20%,西部利得基金,2015-04-27,中证500指数,103.97,18.19,10136,10735,10440,17919,18020
71,500增强LOF,161017,2.347,10030,9915,宽基，中小盘,1.15%,富国基金,2011-10-21,中证500指数,60.64,68.12,10312,10871,10468,13725,13427
72,美国REIT精选LOF,160140,1.061,9981,,跨境，美国，房地产,1.05%,南方基金,2017-11-24,道琼斯美国精选REIT指数,39.14,0.803,9707,9897,8381,11006,12303
73,国投瑞盈LOF,161225,2.72,10000,9910,偏股混合型基金,1.75%,国投瑞银基金,2015-08-14,-,1.76,3.5,9784,10547,11993,17139,21485
74,稳健债LOF,160513,1.931,10000,9989,混合债券型基金,0.75%,博时基金,2014-07-01,-,7.37,26.91,10084,10266,10190,11934,13932
75,环境治理LOFC,501031,0.526,10000,9962,主题，新兴产业，环保,1.50%,汇添富基金,2017-02-20,环境治理指数,8.61,1.38,9869,10457,9564,9669,6518
76,信诚商品LOF,165513,0.575,10070,,跨境，商品,2.05%,中信保诚基金,2012-01-13,-,5.3,1.19,10455,10398,9914,18669,12950
77,沪深300等权LOF,163821,1.92,10000,10338,宽基，大盘股,0.90%,中银基金,2012-07-13,300等权指数,1.71,0.436,10362,11150,10608,13352,13315
78,国投瑞利LOF,161222,2.432,10016,9942,偏股混合型基金,1.75%,国投瑞银基金,2015-05-04,-,45.22,24.37,9878,10227,9959,17163,10000
79,申万军工LOF,163115,1.083,10046,9957,行业，军工,1.22%,申万菱信基金,2021-01-25,中证军工指数,5.57,8.35,9687,10265,10702,10000,10000
80,华夏翔阳LOF,501093,1.173,10051,9711,偏股混合型基金,1.75%,华夏基金,2021-01-08,-,13.43,7.34,10381,10596,11311,10000,10000
81,煤炭龙头LOF,161032,1.804,10022,9995,行业，煤炭，资源,1.12%,富国基金,2021-01-18,中证煤炭指数,66.59,16.36,9657,10000,9435,10000,10000
82,科创大成LOF,501079,2.313,9966,9920,封闭式基金,1.40%,大成基金,2020-01-20,-,225.27,9.55,9974,10921,12199,19668,10000
83,军工LOF,502003,1.306,9992,9960,行业，军工,1.22%,易方达基金,2015-07-15,中证军工指数,10.54,6.64,9696,10267,10838,15417,15140
84,全球油气能源LOF,163208,1.008,10040,,跨境，商品，原油,1.85%,诺安基金,2015-02-17,-,25.87,3.63,10202,9844,11098,20257,12478
85,港股高股息LOF,501305,0.897,10159,9947,跨境，香港，策略，红利,0.85%,汇添富基金,2018-01-18,港股通高股息人民币指数,3.87,0.888,10346,10704,10406,10730,9219
86,农业精选LOF,164403,1.524,9896,9930,偏股混合型基金,1.75%,前海开源基金,2016-08-15,-,94.78,4.16,10786,11256,9801,11545,15347
87,抗通胀LOF,161815,0.678,10000,,跨境,2.15%,银华基金,2010-12-20,-,17.46,2.21,10165,9912,9150,17474,14581
88,万家强化收益定开,161911,0.985,10000,9749,长期纯债型基金,0.90%,万家基金,2013-08-01,-,30.79,3.05,10092,10134,9973,10519,12545
89,一带一路LOF,502013,1.257,10032,9929,主题，一带一路,1.22%,长盛基金,2015-06-09,CSSW丝路指数,16.95,3.04,10121,10501,9913,11954,10733
90,纳斯达克100LOF,161130,2.082,10092,,跨境，美国,1.05%,易方达基金,2017-07-14,纳斯达克100指数,147.91,7.77,10671,11297,9858,15275,19904
91,南方天元LOF,160133,3.505,10040,9928,普通股票型基金,1.75%,南方基金,2014-08-25,-,23.43,12.95,9907,10189,10608,10929,15888
92,银华纯债LOF,161820,1.104,10000,9937,债券,0.50%,银华基金,2012-09-05,-,0.1786,23.59,9955,10045,10056,10733,12080
93,天弘添利LOF,164206,1.448,10056,9938,混合债券型基金,0.80%,天弘基金,2015-12-15,-,699.57,23.07,10161,10631,10313,12599,15019
94,科创板博时,506005,0.903,10261,9557,偏股混合型基金,1.75%,博时基金,2021-01-29,-,647.96,20.34,10636,11459,11992,10000,10000
95,易方达科创板,506002,1.029,10088,9493,偏股混合型基金,1.75%,易方达基金,2021-01-28,-,530.48,14.41,10188,10188,12221,10000,10000
96,科创板基金,506000,0.791,10064,9623,偏股混合型基金,1.75%,南方基金,2021-01-28,-,404.14,24.35,9962,9900,11464,10000,10000
97,创业板指数LOF,161022,1.012,10070,9927,宽基，中小盘,1.22%,富国基金,2021-01-19,创业板指,321.23,9.89,10090,10274,9759,10000,10000
98,新能源车LOF,161028,1.032,10188,9939,主题，新兴产业，新能源车,1.22%,富国基金,2021-01-18,CS新能车指数,246.77,85.52,9990,9663,9247,10000,10000
99,标普生物科技LOF,161127,1.207,10352,,跨境，美国,1.05%,易方达基金,2016-12-27,标普生物科技精选行业指数,220.57,3.12,10084,10000,10212,9861,9773
100,科创配置LOF,501078,2.1,10057,9903,封闭式基金,1.75%,广发基金,2019-11-18,-,235.91,12.37,9887,9554,11224,19755,10000
101,智胜先锋LOF,501219,1.144,10044,9944,普通股票型基金,1.20%,华夏基金,2022-02-09,-,238.72,1.68,10088,11394,13180,10000,10000
102,万家科创板,506001,1.082,10237,9524,偏股混合型基金,1.75%,万家基金,2021-02-03,-,172.51,6.18,10671,11189,12333,10000,10000
103,汇添富科创板,506006,0.969,10021,9272,偏股混合型基金,1.75%,汇添富基金,2021-01-28,-,201.38,17.32,10062,10453,12281,10000,10000
104,科创板长城,506008,0.874,10175,9545,偏股混合型基金,1.75%,长城基金,2022-03-28,-,188.71,3.19,10871,11561,12521,10000,10000
105,500ETF联接LOF,160119,1.735,10029,9939,宽基，中小盘,0.60%,南方基金,2009-11-11,中证500指数,69.22,82.97,10272,10844,10756,13234,11707
106,新能源汽车LOF,160225,1.631,10112,9941,主题，新兴产业，新能源车,0.70%,国泰基金,2016-07-20,新能源车指数,114.52,23.77,10000,9634,9278,19302,15835
107,华夏创业板定开,160325,0.905,10000,9445,偏股混合型基金,1.75%,华夏基金,2021-01-28,-,54.06,8.45,9837,10112,10146,10000,10000
108,石油基金LOF,160416,1.479,10034,,跨境，商品，原油,1.28%,华安基金,2012-05-02,标普全球石油净总收益指数,87.95,2.81,10102,9900,11823,18889,15487
109,博时主题LOF,160505,1.164,10069,9946,偏股混合型基金,1.75%,博时基金,2005-02-22,-,87.88,66.23,10148,10166,9636,10614,11038
110,传媒LOF,160629,1.136,9861,9923,行业，TMT，传媒,1.22%,鹏华基金,2021-01-18,中证传媒指数,60.84,7.0,12822,14869,14236,10000,10000
111,沪深300LOF,160706,1.02,10039,9947,宽基，大盘股,0.60%,嘉实基金,2005-10-17,沪深300指数,119.56,90.13,10149,10505,9951,11251,11242
112,H股LOF,160717,0.556,10036,9927,跨境，香港，中概股,1.00%,嘉实基金,2010-10-28,恒生中国企业指数,76.55,2.74,10239,10000,10335,7325,6856
113,嘉实原油LOF,160723,1.405,9929,,跨境，商品，原油,1.28%,嘉实基金,2017-05-05,-,102.56,1.0,10270,10079,9901,17282,12228
114,军工LOF,161024,1.093,10018,9986,行业，军工,1.22%,富国基金,2021-01-18,中证军工指数,118.84,50.37,9698,10263,10811,10000,10000
115,证券LOF,161027,0.892,10000,9933,行业，金融，证券,1.22%,富国基金,2021-01-18,证券公司指数,82.29,13.0,10348,10734,9878,10000,10000
116,创业富国定开,161040,1.223,10049,9424,偏股混合型基金,1.75%,富国基金,2021-01-28,-,109.09,11.75,10286,10552,10871,10000,10000
117,黄金主题LOF,161116,0.858,10047,,跨境，商品,1.40%,易方达基金,2011-11-08,-,59.06,1.36,10752,11143,9367,10239,12381
118,招商成长LOF,161706,2.975,9983,10063,偏股混合型基金,1.75%,招商基金,2005-12-09,-,56.82,16.39,11072,10889,10962,15495,22039
119,证券基金LOF,161720,0.998,9980,9930,行业，金融，证券,1.20%,招商基金,2014-11-28,证券公司指数,86.07,23.0,10363,10754,9823,10000,10000
120,银华内需LOF,161810,2.943,9949,9906,偏股混合型基金,1.75%,银华基金,2009-10-16,-,100.25,23.02,10312,10916,10473,11568,19490
121,社会责任定开,161912,2.087,9914,9809,偏股混合型基金,1.75%,万家基金,2019-06-14,-,138.52,8.43,10813,10925,9968,22836,10000
122,创业板2年定开,161914,0.95,9989,9339,偏股混合型基金,1.75%,万家基金,2021-03-01,-,109.16,8.14,10579,11418,12306,10000,10000
123,广发创业板定开,162720,0.904,9989,9385,偏股混合型基金,1.75%,广发基金,2021-03-25,-,60.79,3.5,9627,9486,10157,10000,10000
124,建信优势LOF,165313,2.805,10021,9932,偏股混合型基金,1.50%,建信基金,2013-04-03,-,140.08,4.25,10094,10629,10351,15785,21266
125,中欧创业定开,166027,1.031,10000,9404,偏股混合型基金,1.75%,中欧基金,2021-01-29,-,61.47,9.45,10068,10807,11933,10000,10000
126,精准医疗LOF,501005,1.154,10070,10034,行业，医药,0.85%,汇添富基金,2016-03-21,CS精准医指数,146.45,10.46,10826,10938,9405,9262,11552
127,生物科技LOF,501009,1.605,10056,9988,主题，新兴产业，生物科技,0.85%,汇添富基金,2017-02-20,中证生科指数,86.76,19.16,10308,10335,8971,9835,13297
128,券商基金LOF,501016,1.015,10050,9961,行业，金融，证券,0.65%,国泰基金,2017-05-19,CSSW证券指数,55.73,19.12,10432,10786,9883,10284,11341
129,环境治理LOF,501030,0.538,10037,10028,主题，新兴产业，环保,1.10%,汇添富基金,2017-02-20,环境治理指数,104.35,2.99,9963,10508,9642,9926,6634
130,东方红睿玺,501049,0.99,9980,9657,偏股混合型基金,1.75%,上海东方证券资产管理,2018-06-01,-,53.9,138.99,10432,10600,11149,12544,10000
131,50AHLOF,501050,1.335,10000,9933,策略，价差,0.60%,华夏基金,2016-11-28,50AH优选人民币指数,105.43,24.76,9985,10160,9653,10757,11381
132,新能源车LOFC,501058,2.121,10197,9979,主题，新兴产业，新能源车,1.35%,汇添富基金,2018-06-20,新能源车指数,54.17,58.44,9958,9663,9194,22279,10000
133,南方瑞合LOF,501062,1.298,10015,9557,偏股混合型基金,1.75%,南方基金,2018-12-05,-,94.81,7.5,9737,10613,12063,16605,10000
134,东方红恒元,501066,1.757,9994,9719,偏股混合型基金,1.75%,上海东方证券资产管理,2019-04-26,-,59.99,21.19,10661,11365,11636,13341,10000
135,价值基金LOF,501310,0.94,10053,,策略，价值,0.90%,华宝基金,2018-11-22,标普沪港深中国增强价值指数,56.76,0.956,10251,10780,10129,10880,10000
136,富国科创板,506003,0.841,10108,9364,偏股混合型基金,1.75%,富国基金,2021-01-29,-,94.8,13.76,10370,11396,12459,10000,10000
137,南方积配LOF,160105,1.148,10106,9955,偏股混合型基金,1.75%,南方基金,2004-12-20,-,0.8176,5.52,9897,10494,10769,14552,13156
138,南方高增LOF,160106,1.448,10091,9930,偏股混合型基金,1.75%,南方基金,2005-09-21,-,8.92,16.27,9986,10447,10387,14937,16940
139,南方消费LOF,160127,0.695,9971,10106,普通股票型基金,1.75%,南方基金,2020-11-30,-,4.74,7.34,9761,9816,9816,10000,10000
140,高铁基金LOF,160135,1.118,10108,9950,行业，交通运输,1.20%,南方基金,2020-12-15,高铁产业指数,5.2,1.78,10587,11781,11282,10000,10000
141,创业板定开南方,160143,0.961,10021,9372,偏股混合型基金,1.75%,南方基金,2021-03-17,-,4.51,3.26,9990,10245,10169,10000,10000
142,国泰小盘LOF,160211,3.54,9916,9918,偏股混合型基金,1.75%,国泰基金,2010-01-07,-,33.26,6.59,10094,10539,10892,14120,13234
143,国泰估值LOF,160212,2.995,10040,9918,偏股混合型基金,1.75%,国泰基金,2013-02-27,-,7.06,9.03,9977,10074,10746,11937,11414
144,国泰价值LOF,160215,2.338,10004,9875,偏股混合型基金,1.75%,国泰基金,2010-09-13,-,1.79,5.95,10214,10508,11102,14397,15314
145,房地产LOF,160218,0.856,9977,9966,行业，金融，房地产,1.20%,国泰基金,2013-02-26,国证地产指数,13.57,4.76,10351,9953,8629,10000,10000
146,国泰民益LOF,160220,1.819,10000,9828,偏股混合型基金,0.95%,国泰基金,2014-01-16,-,0.0327,3.47,10134,10066,10139,13585,14068
147,有色金属LOF,160221,1.413,10291,9983,行业，资源,1.22%,国泰基金,2021-01-20,国证有色指数,27.8,17.56,10545,11386,9881,10000,10000
148,食品LOF,160222,1.045,9943,10012,行业，食品饮料,1.20%,国泰基金,2021-01-20,国证食品指数,28.81,61.71,9414,9685,10347,10000,10000
149,创业板LOF,160223,1.29,10094,9978,宽基，中小盘,0.65%,国泰基金,2016-11-28,创业板指,32.17,1.53,10496,10574,10238,14270,15176
150,华夏蓝筹LOF,160311,1.624,10087,9907,偏股混合型基金,1.75%,华夏基金,2007-05-28,-,19.01,25.44,9831,9848,8759,10656,10755
151,华夏行业LOF,160314,1.412,9972,9895,偏股混合型基金,1.75%,华夏基金,2008-01-14,-,18.84,15.54,9508,9445,9972,12596,13577
152,港股精选LOF,160322,0.949,10000,9968,普通股票型基金,1.75%,华夏基金,2017-07-24,-,15.36,13.82,9875,9322,8911,8877,8036
153,华夏磐泰LOF,160323,1.317,9947,9882,偏债混合型基金,1.20%,华夏基金,2017-03-15,-,0.4794,4.95,9902,10084,10305,12502,13942
154,华夏磐晟LOF,160324,1.53,10000,9975,偏股混合型基金,1.75%,华夏基金,2017-08-08,-,0.987,0.78,9527,9256,8533,12645,17019
155,华安智增LOF,160421,2.09,9905,9956,偏股混合型基金,1.75%,华安基金,2016-12-19,-,3.75,1.09,9976,9725,8017,16003,22867
156,博时卓越LOF,160512,2.553,10020,10055,偏股混合型基金,1.75%,博时基金,2011-06-30,-,2.38,1.84,10403,10576,9953,12855,14199
157,安丰18定开,160515,1.053,10000,9967,债券,0.78%,博时基金,2013-10-17,-,0.1163,4.43,10324,10135,10363,10887,12787
158,博时睿远LOF,160518,2.168,10103,9941,偏股混合型基金,1.75%,博时基金,2016-07-11,-,20.98,1.79,10393,11033,10453,15278,21921
159,创业板博时定开,160529,0.931,10032,9477,偏股混合型基金,1.75%,博时基金,2021-03-17,-,32.61,2.06,9841,9894,9376,10000,10000
160,鹏华价值优势LOF,160607,0.743,10000,10034,偏股混合型基金,1.75%,鹏华基金,2006-09-18,-,10.58,15.33,9477,9441,9973,12174,14096
161,鹏华动力LOF,160610,0.941,9926,9893,偏股混合型基金,1.75%,鹏华基金,2007-03-09,-,13.16,12.89,10318,10352,10021,15799,19099
162,鹏华优质治理LOF,160611,1.162,10026,9993,偏股混合型基金,1.75%,鹏华基金,2007-07-18,-,2.02,7.07,9856,10078,9906,12718,18029
163,鹏华盛世创新LOF,160613,1.175,9891,9878,偏股混合型基金,1.75%,鹏华基金,2008-11-10,-,4.3,2.76,10043,11033,11180,14756,17330
164,鹏华500LOF,160616,1.758,10000,9908,宽基，中小盘,0.90%,鹏华基金,2010-04-28,中证500指数,0.1829,5.14,10317,10885,10565,14120,13843
165,鹏华丰泽LOF,160618,1.474,10007,9998,长期纯债型基金,0.95%,鹏华基金,2014-12-25,-,7.44,10.52,10061,10159,10229,10799,12795
166,资源LOF,160620,1.8,10061,9867,行业，资源,1.22%,鹏华基金,2021-01-18,A股资源指数,2.34,1.72,10221,10969,10039,10000,10000
167,鹏华丰和LOF,160621,1.444,10042,10036,混合债券型基金,1.00%,鹏华基金,2013-01-09,-,0.36,0.95,10696,10434,10212,11415,10000
168,鹏华丰利LOF,160622,1.018,9961,9908,长期纯债型基金,0.90%,鹏华基金,2016-05-24,-,2.41,33.33,10069,10367,10272,11211,13006
169,证保LOF,160625,0.714,9972,9925,行业，金融，证券保险,1.22%,鹏华基金,2021-01-18,800证保指数,9.29,10.23,10273,10547,10028,10000,10000
170,银行LOF基金,160631,0.919,10022,9938,行业，金融，银行,1.22%,鹏华基金,2021-01-18,中证银行指数,26.05,8.19,10121,9946,9190,10000,10000
171,券商LOF,160633,0.955,9958,9915,行业，金融，证券,1.22%,鹏华基金,2021-01-18,证券公司指数,5.33,11.49,10347,10742,9845,10000,10000
172,医药LOF基金,160635,1.135,9930,9927,行业，医药,0.90%,鹏华基金,2016-08-01,中证医药指数,20.62,1.04,10244,10356,10018,9660,9801
173,创业板LOF基金,160637,1.088,10074,9935,宽基，中小盘,1.22%,鹏华基金,2021-01-18,创业板指,11.36,1.21,10187,10178,9793,10000,10000
174,带路LOF,160638,1.802,10017,9967,主题，一带一路,1.22%,鹏华基金,2021-01-18,一带一路指数,3.8,2.88,10227,11263,11123,10000,10000
175,高铁LOF,160639,0.963,10201,9931,行业，交通运输,1.22%,鹏华基金,2021-01-18,高铁产业指数,2.16,0.745,10548,11830,11303,10000,10000
176,鹏华增瑞LOF,160642,2.043,9927,9932,偏股混合型基金,1.75%,鹏华基金,2016-09-29,-,0.4051,2.22,10205,11121,12480,18128,22182
177,港美互联网LOF,160644,0.93,10011,,跨境,1.80%,鹏华基金,2017-12-29,-,4.38,1.29,10076,10065,9413,9717,10649
178,鹏华精选回报定开,160645,1.27,10047,9880,偏股混合型基金,1.75%,鹏华基金,2019-11-28,-,0.4424,0.79,9556,10168,8875,12488,10000
179,基本面50LOF,160716,1.758,10046,9934,策略，价值,1.18%,嘉实基金,2010-02-10,基本面50指数,37.81,11.64,10329,10845,10527,12277,11720
180,嘉实黄金LOF,160719,1.012,10020,,跨境，商品,1.26%,嘉实基金,2012-02-10,-,10.53,1.11,10698,10870,10630,10988,14624
181,嘉实惠泽LOF,160722,1.354,10037,9939,偏股混合型基金,1.75%,嘉实基金,2016-12-09,-,1.38,0.872,10188,10884,9956,11867,13459
182,嘉实瑞享定开,160726,0.953,9917,9384,偏股混合型基金,2.25%,嘉实基金,2019-04-12,-,8.17,13.16,9917,10074,9754,11760,10000
183,长盛同智LOF,160805,0.838,10000,9986,偏股混合型基金,1.75%,长盛基金,2007-02-16,-,5.23,3.95,10346,10608,8812,13414,13849
184,长盛中证800LOF,160806,1.608,10000,10042,宽基，综合,1.22%,长盛基金,2015-08-06,中证800指数,1.91,1.13,10152,10843,10435,14111,15144
185,长盛沪深300LOF,160807,1.505,10040,9967,宽基，大盘股,0.90%,长盛基金,2010-09-06,沪深300指数,2.8,2.22,10245,10666,10224,13815,14303
186,长盛同益LOF,160812,2.049,9942,9942,偏股混合型基金,1.75%,长盛基金,2014-06-04,-,11.24,1.27,10513,10443,9611,12433,13624
187,长盛同盛LOF,160813,1.392,10116,9952,偏股混合型基金,1.75%,长盛基金,2014-12-26,-,8.21,11.36,10235,10153,9620,16262,16955
188,创新成长LOF,160910,0.985,10000,9940,偏股混合型基金,1.75%,大成基金,2007-10-25,-,0.3108,14.01,9752,10353,11188,16316,17098
189,优选LOF,160916,3.638,10025,9929,偏股混合型基金,1.50%,大成基金,2012-12-28,-,5.47,10.56,9635,10216,11197,12914,15743
190,产业升级LOF,160919,2.913,10000,9910,普通股票型基金,1.75%,大成基金,2015-01-09,-,39.7,3.3,9868,10741,12632,19498,24194
191,多策略LOF,160921,1.498,10054,10035,偏股混合型基金,1.75%,大成基金,2016-11-21,-,3.44,8.25,10211,11055,13257,16888,21143
192,创业板定开,160926,1.032,9990,9369,偏股混合型基金,1.75%,大成基金,2021-01-18,-,31.98,7.36,9971,10010,9810,10000,10000
193,富国汇利定开,161014,1.276,10008,9945,混合债券型基金,0.65%,富国基金,2017-12-18,-,16.8,12.64,10151,10332,10282,11183,13430
194,富国天盈LOF,161015,1.223,10008,10006,混合债券型基金,1.25%,富国基金,2014-06-04,-,3.38,12.27,10049,10116,10243,11108,12942
195,富国天锋LOF,161019,1.061,10019,9958,长期纯债型基金,0.80%,富国基金,2012-06-28,-,1.9,27.54,10028,10173,10249,11082,12942
196,互联网LOF,161025,0.93,10065,9915,主题，新兴产业，移动互联,1.12%,富国基金,2021-01-18,移动互联指数,41.03,3.41,11453,13229,12757,10000,10000
197,国企改革LOF,161026,1.029,10049,9914,主题，国企,1.22%,富国基金,2021-01-19,国企改革指数,23.63,26.04,10138,10719,10383,10000,10000
198,银行龙头LOF,161029,1.175,10009,9919,行业，金融，银行,1.22%,富国基金,2019-06-17,中证银行指数,6.17,13.28,10112,9916,9165,11611,10000
199,工业40LOF,161031,0.99,10030,9862,主题，工业4.0，工业互联网,1.22%,富国基金,2021-01-19,工业4.0指数,7.7,6.8,10498,11124,11061,10000,10000
200,医药增强LOF,161035,1.585,10006,9990,行业，医药,1.40%,富国基金,2016-11-25,CS医药TI指数,6.39,4.91,10455,10666,9857,10319,15255
201,娱乐增强LOF,161036,0.808,9854,9952,主题，娱乐业,1.45%,富国基金,2017-03-24,CS娱乐TI指数,14.48,1.03,12114,13053,12785,11813,9585
202,高端制造LOF,161037,1.753,10098,9935,主题，高端制造，新兴产业,1.40%,富国基金,2017-05-11,CS高端制指数,16.72,0.98,10192,10422,9837,12909,15582
203,成长LOF,161038,1.299,10000,10072,偏股混合型基金,1.15%,富国基金,2017-08-18,-,0.5773,0.48,9863,10204,9427,13309,12964
204,1000增强LOF,161039,2.025,10060,9925,宽基，中小盘,1.15%,富国基金,2018-06-20,中证1000指数,44.53,20.17,10191,11132,11402,16084,10000
205,易基永旭添利定开,161117,1.06,9962,10095,长期纯债型基金,0.50%,易方达基金,2012-07-18,-,0.0441,16.93,10134,10300,10212,10917,12627
206,中小企业100LOF,161118,1.316,10077,9967,宽基，中小盘,1.22%,易方达基金,2012-10-25,中小板指,1.81,1.67,10420,10596,10123,12617,10000
207,银行LOF易方达,161121,1.066,9935,9902,行业，金融，银行,0.60%,易方达基金,2020-08-18,中证银行指数,15.0,12.13,10047,9880,9150,10000,10000
208,生物科技LOF,161122,0.719,10028,9976,主题，新兴产业，生物科技,0.60%,易方达基金,2020-12-15,CSWD生科指数,15.31,9.41,10184,10375,9277,10000,10000
209,并购重组LOF,161123,1.208,10000,9888,主题，并购重组,1.22%,易方达基金,2021-01-12,CSWD并购指数,5.48,4.39,9829,10596,10307,10000,10000
210,标普医疗保健LOF,161126,1.839,10099,,跨境，美国,1.05%,易方达基金,2016-12-14,标普500医疗保健等权重指数,10.49,0.486,10449,10194,10581,14114,16903
211,易方达科顺定开,161132,1.645,9934,9356,偏股混合型基金,1.75%,易方达基金,2019-01-28,-,2.8,1.08,9531,10211,9898,13835,10000
212,国投双债LOF,161216,1.204,10000,9930,混合债券型基金,0.90%,国投瑞银基金,2011-05-20,-,0.0481,5.53,10050,10109,10178,11301,13077
213,国投资源LOF,161217,1.335,10191,9955,行业，资源,0.73%,国投瑞银基金,2011-08-29,中证上游指数,2.87,2.48,10341,10997,10604,22139,18139
214,国投新兴产业LOF,161219,2.445,9980,9870,偏股混合型基金,1.75%,国投瑞银基金,2012-01-16,-,0.0533,6.39,9566,10373,10672,12862,18439
215,国投新丝路LOF,161224,1.366,10232,10280,偏股混合型基金,1.75%,国投瑞银基金,2015-05-06,-,8.06,0.842,10540,11596,13947,19054,21905
216,国投深证100LOF,161227,1.322,10008,9925,宽基，大盘股,0.90%,国投瑞银基金,2015-08-28,深证100指数,47.47,2.59,10123,10336,9903,12425,13128
217,国投中国价值LOF,161229,1.206,10000,,跨境,2.10%,国投瑞银基金,2016-01-04,-,2.11,1.52,10255,10058,10816,9702,10538
218,国投瑞盛LOF,161232,1.35,10000,9844,偏股混合型基金,1.75%,国投瑞银基金,2016-08-19,-,0.1625,4.45,9883,10393,11588,16129,16896
219,国投瑞泰LOF,161233,1.454,10000,9998,偏股混合型基金,1.75%,国投瑞银基金,2017-02-27,-,0.0903,3.11,10069,10247,10423,13598,16300
220,银河通利债券LOF,161505,1.248,10056,10056,混合债券型基金,0.90%,银河基金,2014-05-23,-,0.1484,5.51,10297,10400,10081,10246,10000
221,巨潮100LOF,161607,0.951,10000,10089,宽基，大盘股,1.50%,融通基金,2005-06-16,巨潮100指数,0.6024,5.29,10000,10096,9704,11773,12941
222,融通领先成长LOF,161610,1.502,10000,9956,偏股混合型基金,1.75%,融通基金,2007-07-18,-,3.91,13.83,9895,9895,9318,11379,15035
223,融通四季添利LOF,161614,1.109,10000,9995,混合债券型基金,0.80%,融通基金,2012-04-06,-,0.9678,0.722,10018,10295,11141,11484,13226
224,招商信用添利LOF,161713,1.04,10000,9995,混合债券型基金,0.90%,招商基金,2010-07-30,-,2.52,14.15,10060,10227,10284,10893,12565
225,大宗商品LOF,161715,1.543,10006,9919,行业，资源,1.22%,招商基金,2017-07-14,大宗商品指数,5.21,1.69,9968,10525,9772,18325,14894
226,招商丰泰LOF,161722,1.397,9971,9904,偏股混合型基金,0.75%,招商基金,2015-07-22,-,1.46,1.05,10160,10242,10295,12330,12074
227,煤炭等权LOF,161724,1.69,9982,9944,行业，资源，煤炭,1.22%,招商基金,2015-05-28,煤炭等权指数,10.03,17.24,9570,10084,9291,10000,10000
228,招商增荣LOF,161727,1.552,10091,9898,偏股混合型基金,1.65%,招商基金,2016-07-07,-,0.6436,0.517,10508,10793,10367,11255,15551
229,沪深300LOF银华,161811,0.88,10115,9956,宽基，大盘股,1.22%,银华基金,2009-10-30,沪深300指数,0.2861,0.993,10256,10501,9854,11239,11239
230,深证100LOF,161812,1.171,10043,9980,宽基，大盘股,1.20%,银华基金,2021-01-20,深证100指数,13.66,3.94,10147,10381,9874,10000,10000
231,中证90LOF,161816,0.823,10049,9929,宽基，大盘股,1.22%,银华基金,2020-12-15,等权90指数,1.05,0.795,10173,10313,9728,10000,10000
232,银华鑫锐LOF,161834,1.723,10029,9966,偏股混合型基金,1.75%,银华基金,2016-09-23,-,25.41,29.4,10112,10947,10350,20424,23684
233,银华大盘定开,161837,1.258,9867,9640,偏股混合型基金,1.75%,银华基金,2020-05-21,-,5.87,7.58,10040,9836,9096,10000,10000
234,万家中证红利LOF,161907,2.403,10017,9947,策略，红利,0.90%,万家基金,2011-06-15,中证红利指数,10.55,1.3,10152,10637,10526,15247,14389
235,长城久富LOF,162006,1.478,9953,10042,偏股混合型基金,1.75%,长城基金,2007-05-18,-,5.22,37.87,9953,9919,10705,16178,20008
236,金鹰持久增利LOF,162105,1.382,10139,10074,混合债券型基金,1.25%,金鹰基金,2015-03-20,-,0.576,13.52,10007,9518,10375,12438,14773
237,金鹰元盛债券LOF,162108,1.206,10000,9939,债券,1.30%,金鹰基金,2015-05-20,-,0.0241,0.945,9845,10058,9845,10560,12068
238,泰达效率混合LOF,162207,1.612,10327,10341,平衡混合型基金,1.75%,泰达宏利基金,2006-07-21,-,7.79,4.72,11011,11556,10094,10420,11958
239,泰达500增强LOF,162216,1.362,9949,9849,宽基，中小盘,1.20%,泰达宏利基金,2019-12-05,中证500指数,1.13,2.78,10134,10550,9729,13485,10000
240,海富通100LOF,162307,1.319,10131,9984,宽基，大盘股,0.82%,海富通基金,2010-01-08,中证100指数,10.63,0.634,10193,10527,9699,12385,14098
241,新机遇LOF,162414,1.617,10000,9892,偏股混合型基金,0.85%,华宝基金,2015-07-01,-,0.0517,0.635,10106,10215,10006,12287,14036
242,中证100LOF,162509,0.834,9952,9876,宽基，大盘股,1.22%,国联安基金,2020-12-21,中证100指数,5.16,1.35,10109,10233,9542,10000,10000
243,景顺资源LOF,162607,0.586,9983,9929,偏股混合型基金,1.75%,景顺长城基金,2006-04-07,-,43.3,24.91,10000,10483,10245,14254,17513
244,中证500LOF,162711,1.45,10021,9894,宽基，中小盘,0.60%,广发基金,2010-01-08,中证500指数,12.94,16.57,10226,10662,10576,12809,11381
245,广发聚利LOF,162712,1.48,9886,9898,混合债券型基金,0.80%,广发基金,2011-10-27,-,0.0059,6.17,9906,9743,10158,10207,11728
246,广发聚源LOF,162715,1.131,9974,9982,债券,0.40%,广发基金,2013-07-10,-,0.1085,8.6,10062,10098,10386,10856,11795
247,长信医疗LOF,163001,1.56,9898,9904,偏股混合型基金,1.75%,长信基金,2010-04-16,-,4.7,1.98,10477,10759,9403,10826,15805
248,长信利鑫LOF,163003,0.638,10000,10234,混合债券型基金,1.25%,长信基金,2016-07-22,-,0.3042,0.073,10476,10459,10459,10310,11568
249,申万深成LOF,163109,0.63,10064,9946,宽基，综合,1.22%,申万菱信基金,2021-01-25,深证成指,10.46,1.91,10244,10660,10227,10000,10000
250,申万量化LOF,163110,2.131,9991,9957,普通股票型基金,1.75%,申万菱信基金,2011-08-01,-,3.94,5.1,10095,10763,10211,13302,13270
251,申万中小LOF,163111,1.336,10114,10015,宽基，中小盘,0.77%,申万菱信基金,2017-05-26,中小板指,0.4276,1.25,10389,10620,9904,12809,12291
252,申万证券LOF,163113,0.805,9975,9926,行业，金融，证券,1.22%,申万菱信基金,2021-01-25,CSSW证券指数,32.24,17.02,10321,10691,9781,10000,10000
253,申万环保LOF,163114,1.336,10045,9943,主题，环保，新兴产业,1.22%,申万菱信基金,2020-11-09,中证环保指数,18.82,3.4,9766,9625,9402,10000,10000
254,申万电子LOF,163116,0.891,10206,9949,行业，电子,0.60%,申万菱信基金,2020-11-23,CSSW电子指数,2.23,2.09,11497,11912,11512,10000,10000
255,医药生物LOF,163118,0.817,9976,9942,行业，医药，生物科技,1.22%,申万菱信基金,2021-01-25,医药生物指数,9.36,2.67,10200,10394,10049,10000,10000
256,大摩资源LOF,163302,0.906,10000,10017,偏股混合型基金,1.75%,摩根士丹利华鑫基金,2007-07-05,-,11.15,4.92,9956,9967,8381,12655,11777
257,兴全沪深300LOF,163407,2.335,10021,9950,宽基，大盘股,0.95%,兴全基金,2011-01-19,沪深300指数,31.44,46.3,10197,10590,10509,12105,13267
258,天治核心LOF,163503,0.563,9965,9879,偏股混合型基金,1.45%,天治基金,2007-07-30,-,13.15,3.14,11018,11193,8769,11561,11680
259,中银中国LOF,163801,1.099,9946,10023,偏股混合型基金,1.75%,中银基金,2005-02-23,-,13.23,10.33,9385,9306,9864,10050,12948
260,中银信用增利LOF,163819,1.035,10000,9920,混合债券型基金,0.90%,中银基金,2012-07-18,-,0.0207,18.28,10049,10117,10058,10508,11682
261,华富强债LOF,164105,1.657,9770,9721,混合债券型基金,0.80%,华富基金,2010-10-11,-,0.0033,47.55,9770,9787,10216,11539,10000
262,天弘丰利LOF,164208,1.283,9984,9958,混合债券型基金,0.40%,天弘基金,2014-12-03,-,4.7,21.33,10094,10289,10305,11476,13010
263,天弘同利LOF,164210,1.204,10000,9975,长期纯债型基金,0.50%,天弘基金,2016-09-30,-,0.0344,24.92,10033,10143,10229,10740,12296
264,国富中证100LOF,164508,1.185,10008,10210,宽基，大盘股,1.00%,国海富兰克林基金,2020-04-22,中证100指数,0.8183,0.254,10468,10842,9992,10000,10000
265,国富恒利债券LOF,164509,0.898,10000,10009,债券,0.40%,国海富兰克林基金,2017-04-07,-,0.1916,11.7,10045,10101,10228,10668,10000
266,信用增利LOF,164606,1.403,10000,9986,混合债券型基金,0.40%,华泰柏瑞基金,2011-12-12,-,0.4766,0.747,10196,10370,11215,12053,13112
267,贵金属LOF,164701,0.864,10093,,跨境，商品,1.26%,汇添富基金,2012-03-01,-,33.54,1.11,10720,10909,10627,11077,14521
268,汇添富季季红定开,164702,0.983,10000,9772,混合债券型基金,0.80%,汇添富基金,2012-10-25,-,0.8308,0.508,10000,9949,10039,9889,10000
269,汇添富纯债LOF,164703,0.854,10000,9970,长期纯债型基金,0.40%,汇添富基金,2016-12-02,-,0.1175,16.04,10035,10130,10167,10654,11699
270,工银四季LOF,164808,1.085,9991,9997,混合债券型基金,0.80%,工银瑞信基金,2011-03-28,-,3.67,34.07,10140,10302,10261,10995,12647
271,工银纯债定开,164810,1.019,10000,9916,债券,0.80%,工银瑞信基金,2012-09-20,-,0.625,2.21,10170,10219,10443,10998,12173
272,工银双债LOF,164814,0.979,10000,9812,混合债券型基金,0.95%,工银瑞信基金,2013-12-23,-,0.3213,0.685,9980,10177,9627,10857,13215
273,交银添利LOF,164902,1.266,10000,9976,混合债券型基金,0.80%,交银施罗德基金,2011-04-20,-,0.0354,26.7,10056,9953,10218,10839,10000
274,沪深300LOF建信,165309,1.565,9987,9873,宽基，大盘股,0.90%,建信基金,2009-11-30,沪深300指数,1.31,4.15,10136,10475,10090,12641,13074
275,信用债LOF,165311,1.56,10000,9992,混合债券型基金,0.40%,建信基金,2011-09-09,-,3.7,1.46,10006,10156,10304,11616,12037
276,建信丰裕LOF,165317,1.44,9972,10083,偏股混合型基金,1.75%,建信基金,2017-10-13,-,0.8484,0.328,9543,9536,9594,10635,15618
277,信诚深度LOF,165508,2.12,9865,9790,偏股混合型基金,1.75%,中信保诚基金,2010-09-20,-,0.395,0.266,10066,10392,9389,12872,11472
278,信诚增强LOF,165509,1.076,10000,9855,混合债券型基金,0.90%,中信保诚基金,2010-11-08,-,6.26,0.319,9764,10442,10426,13246,14100
279,信诚四国LOF,165510,0.649,10000,,跨境,2.05%,中信保诚基金,2011-01-20,-,15.35,0.086,10125,9878,9908,10062,7934
280,信诚500LOF,165511,1.668,10006,9934,宽基，中小盘,1.22%,中信保诚基金,2021-02-03,中证500指数,1.48,2.35,10290,10824,10761,10000,10000
281,信诚机遇LOF,165512,1.491,10000,9953,偏股混合型基金,1.75%,中信保诚基金,2011-09-16,-,0.2882,0.775,10219,10318,9467,11498,10000
282,信诚300LOF,165515,1.085,9954,9929,宽基，大盘股,1.22%,中信保诚基金,2021-02-03,沪深300指数,1.65,1.39,10150,10483,10056,10000,10000
283,信诚双盈LOF,165517,0.928,10000,9930,混合债券型基金,0.90%,中信保诚基金,2015-04-23,-,0.0529,24.52,10043,9768,10032,10791,12005
284,有色LOF,165520,1.708,10277,9973,行业，资源，有色金属,1.22%,中信保诚基金,2021-02-03,800有色指数,12.14,13.84,10582,11432,10143,10000,10000
285,金融LOF,165521,0.973,9990,9868,行业，金融,1.22%,中信保诚基金,2021-02-03,中证800金融指数,7.12,1.47,10135,10135,9392,10000,10000
286,TMTLOF,165522,0.879,10023,9898,行业，TMT,1.22%,中信保诚基金,2021-02-03,中证TMT指数,10.18,0.547,11416,13139,12832,10000,10000
287,信诚鼎利LOF,165528,1.431,10021,9914,偏股混合型基金,1.75%,中信保诚基金,2016-08-31,-,14.22,0.491,12076,12347,12597,15812,15143
288,中欧趋势LOF,166001,1.228,9984,10011,偏股混合型基金,1.75%,中欧基金,2007-04-23,-,10.83,37.22,10008,9984,10487,13374,17468
289,中欧成长LOF,166006,1.755,10086,9978,偏股混合型基金,1.75%,中欧基金,2010-03-26,-,22.46,34.24,10063,10192,9595,11508,15603
290,中欧强债LOF,166008,1.04,9914,10511,混合债券型基金,0.90%,中欧基金,2011-02-18,-,0.3707,1.02,10612,10879,10516,9778,11271
291,中欧动力LOF,166009,3.121,9858,9832,偏股混合型基金,1.75%,中欧基金,2011-04-29,-,0.5503,15.62,10081,10799,9741,14264,19677
292,中欧盛世LOF,166011,1.854,9930,9962,偏股混合型基金,1.75%,中欧基金,2015-04-21,-,1.11,4.97,9661,9201,9586,11108,14462
293,中欧纯债LOF,166016,1.015,10000,10015,债券,0.75%,中欧基金,2016-03-01,-,0.3019,0.928,10089,10201,10240,10575,10000
294,中欧瑞丰LOF,166023,1.02,10069,9961,封闭式基金,1.75%,中欧基金,2017-09-15,-,3.99,22.7,9893,10303,9264,11448,16375
295,中欧恒利定开,166024,1.006,10030,9791,偏股混合型基金,1.75%,中欧基金,2017-12-06,-,33.06,4.35,9863,10414,10329,15551,14930
296,中欧远见定开,166025,0.943,9864,9864,偏股混合型基金,1.75%,中欧基金,2019-05-27,-,9.84,43.49,10011,10129,10086,12629,10000
297,多因子LOF,166107,1.059,10000,9946,偏股混合型基金,1.75%,信达澳银基金,2019-11-28,-,0.0592,0.047,9972,9972,9645,9972,10000
298,稳健增利LOF,166401,1.038,10000,9981,混合债券型基金,0.75%,浦银安盛基金,2015-01-08,-,3.89,2.46,10068,9924,10191,10762,11897
299,鼎泰LOF,167001,1.583,10000,9938,偏股混合型基金,1.75%,平安基金,2016-10-18,-,38.33,3.46,10947,11340,9869,18935,21392
300,鼎越LOF,167002,2.312,10078,9960,偏股混合型基金,1.75%,平安基金,2016-12-19,-,8.52,0.718,11099,11344,10317,17881,25022
301,鼎弘LOF,167003,1.023,10000,9916,偏债混合型基金,1.45%,平安基金,2017-06-06,-,0.971,0.075,9913,9980,9579,9697,10439
302,大湾区LOF,167302,0.897,9967,,主题，区域，大湾区,0.90%,方正富邦基金,2020-01-06,恒生沪深港通大湾区综合指数,0.2582,0.065,10045,10079,10182,9718,10000
303,安信宝利债券LOF,167501,1.043,10010,9971,混合债券型基金,0.90%,安信基金,2015-08-07,-,0.1532,0.503,10186,10068,10058,10245,11654
304,安信深圳科技LOF,167506,1.101,9910,9763,主题，新兴产业,0.60%,安信基金,2020-01-06,深圳科技人民币指数,3.8,0.872,10299,11121,11351,10526,10000
305,安信价值发现定开,167508,1.362,10164,9629,偏股混合型基金,1.75%,安信基金,2020-06-08,-,16.21,3.36,10295,10666,10074,10000,10000
306,国寿精选LOF,168002,1.867,9684,9979,偏股混合型基金,0.70%,国寿安保基金,2017-10-23,-,2.65,2.09,10304,10321,8596,14736,20447
307,九泰锐丰LOF,168104,1.228,10000,9968,偏股混合型基金,1.75%,九泰基金,2016-12-15,-,1.3,0.448,9556,9586,9639,13002,15661
308,钢铁LOF,168203,1.152,10061,9941,行业，钢铁,1.22%,中融基金,2021-06-11,国证钢铁指数,0.7586,3.18,9821,10540,9035,10000,10000
309,煤炭LOF,168204,1.68,10024,9977,行业，资源，煤炭,1.22%,中融基金,2021-06-11,中证煤炭指数,11.72,8.34,9677,10102,9417,10000,10000
310,创业定开,168207,0.942,10075,9432,偏股混合型基金,1.75%,中融基金,2021-02-26,-,15.31,0.965,9411,9448,10195,10000,10000
311,东海祥龙LOF,168301,1.09,10028,9910,偏股混合型基金,1.75%,东海基金,2017-02-27,-,0.768,0.259,9620,9397,9528,9982,12031
312,红土创新精选LOF,168401,2.344,10082,10021,偏股混合型基金,1.75%,红土创新基金,2017-07-03,-,6.53,0.815,9746,9452,10381,19150,24391
313,金融科技LOF,168701,1.133,10027,9908,主题，金融科技,0.60%,合煦智远基金,2020-05-06,金融科技指数,5.76,0.476,10894,12688,12315,10000,10000
314,东方红睿丰LOF,169101,1.589,9981,9961,偏股混合型基金,1.75%,上海东方证券资产管理,2015-03-06,-,19.73,29.66,9742,9595,8789,10427,10693
315,东方红睿阳定开,169102,1.512,10000,9467,偏股混合型基金,1.75%,上海东方证券资产管理,2015-07-31,-,6.88,7.94,9987,9793,9588,13963,11561
316,东方红睿轩定开,169103,1.6,9969,9505,偏股混合型基金,1.75%,上海东方证券资产管理,2016-08-15,-,11.51,11.89,10283,10485,10738,11826,12064
317,东方红睿满LOF,169104,2.035,10049,9937,偏股混合型基金,1.75%,上海东方证券资产管理,2017-02-21,-,4.54,43.5,10039,10170,10226,14536,15454
318,东方红睿华LOF,169105,1.493,9914,9937,偏股混合型基金,1.75%,上海东方证券资产管理,2017-02-21,-,12.45,18.66,9752,9947,10282,10835,11435
319,东方红恒阳定开,169107,0.97,9888,9396,偏股混合型基金,1.75%,东方红资产管理,2020-07-23,-,11.1,20.25,9613,9768,9681,10000,10000
320,浙商鼎盈LOF,169201,1.505,9798,9912,偏股混合型基金,1.75%,浙商证券资管,2017-03-16,-,1.13,0.181,9760,10210,8251,15484,15035
321,国金鑫新LOF,501000,0.826,10147,10126,偏股混合型基金,1.30%,国金基金,2015-07-14,-,0.1364,0.114,10135,10198,9616,8059,7060
322,财通精选混合LOF,501001,1.741,9842,9980,偏股混合型基金,1.75%,财通基金,2015-09-25,-,2.73,0.741,9305,10017,8370,12849,14282
323,互联网医疗LOF,501007,1.218,9846,9975,行业，医药,0.85%,汇添富基金,2017-02-20,CS互医疗指数,25.45,0.753,10817,11633,13268,11003,11953
324,互联网医疗LOFC,501008,1.195,9876,9991,行业，医药,1.25%,汇添富基金,2017-02-20,CS互医疗指数,2.93,0.541,10824,11591,13132,10660,11591
325,生物科技LOFC,501010,1.585,10032,9997,主题，新兴产业，生物科技,1.25%,汇添富基金,2017-02-20,中证生科指数,10.68,13.15,10292,10259,8915,9612,13121
326,中药基金LOFC,501012,1.304,9916,9947,行业，医药,1.25%,汇添富基金,2017-02-20,中证中药指数,45.76,7.13,10156,11203,11399,16403,12599
327,财通升级混合LOF,501015,1.155,10087,10032,偏股混合型基金,1.75%,财通基金,2016-06-06,-,5.06,1.97,9796,10377,10070,13415,11944
328,国泰融丰LOF,501017,1.152,10000,9876,偏股混合型基金,1.25%,国泰基金,2016-08-26,-,2.88,5.72,10105,10249,10123,12800,12900
329,军工基金LOF,501019,1.227,9943,9906,行业，军工,0.65%,国泰基金,2017-04-21,国证军工指数,36.05,8.9,9684,10132,10605,14590,15000
330,财通福享混合LOF,501026,0.846,10095,10278,偏股混合型基金,1.75%,财通基金,2016-12-15,-,0.5152,1.41,9826,9988,9390,10444,9769
331,国泰融信LOF,501027,1.166,10000,10039,偏股混合型基金,1.15%,国泰基金,2017-06-01,-,0.1882,0.918,9974,10148,10104,11105,12045
332,财通福瑞混合LOF,501028,1.395,10000,10257,偏股混合型基金,0.75%,财通基金,2017-02-20,-,0.0083,0.81,10197,10976,10043,14293,15414
333,财通福盛混合LOF,501032,1.41,9923,9853,偏股混合型基金,1.75%,财通基金,2017-04-21,-,0.6864,2.16,9853,10602,9559,20370,16252
334,中证500LOF,501036,1.181,10000,9964,宽基，中小盘,0.60%,汇添富基金,2017-10-09,中证500指数,4.36,2.79,10287,10835,10766,14076,12851
335,中证500LOFC,501037,1.157,9906,9893,宽基，中小盘,0.85%,汇添富基金,2017-10-09,中证500指数,0.7214,1.48,10212,10683,10624,13840,12562
336,银华明择,501038,1.979,9915,9956,偏股混合型基金,1.75%,银华基金,2017-11-24,-,5.96,3.11,9758,10238,10471,14703,19850
337,沪深300LOFC,501045,1.299,10085,9986,宽基，大盘股,0.85%,汇添富基金,2017-10-09,沪深300指数,2.21,0.718,10228,10425,9954,12466,12990
338,财通福鑫定开混合,501046,2.299,9948,9798,偏股混合型基金,1.75%,财通基金,2017-12-01,-,34.38,2.69,9875,9575,8087,15235,25745
339,证券公司LOF,501047,0.982,10010,10033,行业，金融，证券,0.60%,汇添富基金,2018-01-18,证券公司指数,2.05,6.32,10414,10697,9850,10272,10923
340,证券公司LOFC,501048,0.97,9959,9931,行业，金融，证券,0.85%,汇添富基金,2018-01-18,证券公司指数,2.04,9.46,10308,10706,9778,10010,10778
341,圆信永丰汇利LOF,501051,1.65,10000,9971,偏股混合型基金,1.65%,圆信永丰基金,2018-01-31,-,0.9929,2.11,9886,10061,9338,14628,16517
342,东方红目标优选,501053,1.017,10000,9794,偏债混合型基金,0.90%,上海东方证券资产管理,2018-08-24,-,3.27,7.67,10140,10242,10598,12045,10000
343,金选300A类LOF,501060,1.717,10000,9870,策略，红利，成长,0.65%,中金基金,2018-09-25,中金300指数,0.1682,1.03,9811,10425,9761,14429,10000
344,添富悦享,501063,0.921,9893,9606,偏股混合型基金,1.75%,汇添富基金,2019-07-01,-,7.23,2.22,9182,9554,9968,12002,10000
345,经典成长,501065,1.151,10000,9445,偏股混合型基金,1.75%,汇添富基金,2019-05-08,-,2.93,5.18,10009,9713,9863,11760,10000
346,广发睿阳,501070,0.981,9990,9908,偏股混合型基金,1.75%,广发基金,2019-07-31,-,2.4,6.93,9929,10605,10458,14801,10000
347,财通科创LOF,501085,1.69,10036,9951,封闭式基金,1.75%,财通基金,2020-02-07,-,48.43,4.19,10090,11411,9624,17604,10000
348,ESG基金LOF,501086,1.287,9938,,MSCI,0.60%,华宝基金,2019-09-12,MSCI中国A股国际通指数,0.1554,0.407,9505,10396,9415,12387,10000
349,交银瑞丰LOF,501087,1.342,10022,9924,封闭式基金,1.75%,交银施罗德基金,2020-03-09,-,14.23,21.14,10128,10236,10323,12830,10000
350,嘉实瑞虹,501088,0.861,9806,9384,偏股混合型基金,1.75%,嘉实基金,2020-03-09,-,4.49,6.91,9885,9954,9010,10518,10000
351,富久食品饮料LOF,501209,0.839,9988,10101,偏股混合型基金,1.75%,银华基金,2021-12-02,-,2.44,6.3,9733,10282,10448,10000,10000
352,交银智选星光FOF,501210,0.882,10000,,封闭式基金,1.20%,交银施罗德基金,2021-11-19,-,0.8349,21.57,9811,10328,10244,10000,10000
353,民生加银优享FOF,501211,0.976,10306,,偏债混合型基金,1.15%,民生加银基金,2021-12-22,-,0.0885,10.98,10031,10495,10483,10000,10000
354,中欧汇选FOF,501213,0.877,10034,,封闭式基金,1.20%,中欧基金,2021-11-19,-,29.24,6.82,9966,10186,10453,10000,10000
355,恒生指数基金LOF,501302,0.869,9954,9868,跨境，香港,0.60%,南方基金,2017-08-15,香港恒生指数,7.59,1.71,10046,9875,10432,9024,7929
356,国企改革LOF,502006,1.394,9993,9886,主题，国企,1.22%,易方达基金,2015-06-25,国企改革指数,3.68,0.873,10058,10698,10334,14023,14618
357,证券LOF,502010,1.078,10019,9903,行业，金融，证券,1.22%,易方达基金,2015-07-15,证券公司指数,20.61,12.6,10316,10748,9845,10508,11507
358,上证50LOF基金,502040,0.963,10042,9961,宽基，大盘股,1.22%,长盛基金,2015-08-24,上证50指数,5.01,0.515,9938,10126,9413,11644,13254
359,上证50LOF,502048,1.025,10010,9934,宽基，大盘股,1.20%,易方达基金,2015-04-27,上证50指数,28.69,2.54,9971,10079,9500,11403,12053
360,券商LOF,502053,0.909,10033,9919,行业，金融，证券,1.22%,长盛基金,2015-08-24,证券公司指数,16.84,3.83,10283,10657,9891,10566,11868
361,医疗基金(LOF),502056,0.983,10020,10022,行业，医药,0.65%,广发基金,2015-07-31,中证医疗指数,43.05,10.38,10229,10113,9609,10061,13892
